{"epoch/accuracy":0.7831858396530151,"_runtime":71.142041434,"epoch/val_accuracy":0.7280701994895935,"epoch/learning_rate":9.999999747378752e-05,"epoch/loss":0.47929397225379944,"_step":100,"confusion_matrix_table":{"_type":"table-file","nrows":4,"sha256":"822e41369a3b8780a6c610e6c033842236ab7d9ea001f1fa934fd007dde662ac","size":194,"artifact_path":"wandb-client-artifact://usd6gw891xpxecblxelv5qq6ji7jdjj4yu1zzrzzkpqb3cyyzc9v5736xsc3bq0gk11nfx8hh9p4f7xfudv0hrk4jookjccimgh2flqg4sf69ss1g05sge24uedi815h/confusion_matrix_table.table.json","ncols":3,"log_mode":"IMMUTABLE","path":"media/table/confusion_matrix_table_100_822e41369a3b8780a6c6.table.json","_latest_artifact_path":"wandb-client-artifact://igdlz3rddwxbi5vei09bpsigchdyro9bz2z5hocnkgq32ug2tc2gwdq0tve52uba6kbuslx1hprha7ommntpp40en4lzim702xkw1mio51oji85a7c1yac00v5pps5bd:latest/confusion_matrix_table.table.json"},"epoch/val_loss":0.5941221117973328,"_timestamp":1.7525851937925196e+09,"_wandb":{"runtime":71},"epoch/epoch":99}