{"epoch/val_loss":0.6162542104721069,"_timestamp":1.7519890360012596e+09,"_step":100,"epoch/loss":0.5111001133918762,"epoch/accuracy":0.7455752491950989,"epoch/val_accuracy":0.6929824352264404,"epoch/learning_rate":4.999999873689376e-06,"_wandb":{"runtime":50},"epoch/epoch":99,"_runtime":50.514871204,"confusion_matrix_table":{"nrows":4,"artifact_path":"wandb-client-artifact://iv86nu67ytfhvk5zmy51v7zbxc0wwp4hcyq846wwgi7rpaevmerlq7mdwloun0rp6tkbll9anqyk8mtjqxgj9ibqqlbapc3tpztq7wck2fy00rbghq2o9x75uqpos8cf/confusion_matrix_table.table.json","path":"media/table/confusion_matrix_table_100_79d8f3f8f4e56483c5b3.table.json","ncols":3,"log_mode":"IMMUTABLE","sha256":"79d8f3f8f4e56483c5b300c2837cd37fb2f964e5af9e76443ae0c6fd2aa5cb1f","_type":"table-file","size":194,"_latest_artifact_path":"wandb-client-artifact://6n601hordvamgit5ys8gvpz602o6micdeyizj0oj7iw317n0s8q40spxvbb2fjejztlqup0kdhqx53z8xdawoxyqxakvni283dxmmpcl7y93aos5zgeoudtm10efm5j3:latest/confusion_matrix_table.table.json"}}