{"_step":100,"epoch/val_accuracy":0.6140350699424744,"epoch/learning_rate":9.999999747378752e-06,"epoch/accuracy":0.5663716793060303,"epoch/loss":0.6858983039855957,"_runtime":70.924520828,"epoch/val_loss":0.6439375877380371,"_wandb":{"runtime":70},"epoch/epoch":99,"_timestamp":1.7525705993820915e+09,"confusion_matrix_table":{"size":194,"sha256":"aacac6219c4f0ad082992532c9f648e154e67c5ab9632e424a1a89204b541374","artifact_path":"wandb-client-artifact://lunmawzwhfjgkc9d12enqxtrly2lqzhgl4msj80v19k8y6nxhyxbd6lyssi81h8x08hw1a4zcus01285b31pfpmvroti8bdbza0rd6ep1ps04uvidr8mh479g5g0voxe/confusion_matrix_table.table.json","path":"media/table/confusion_matrix_table_100_aacac6219c4f0ad08299.table.json","ncols":3,"_type":"table-file","log_mode":"IMMUTABLE","_latest_artifact_path":"wandb-client-artifact://z4foa4y2yp0vveihkmjvmmhyuwxdgjbs27h4zfivs67c6mc5gx61ntgfml68i5rkkklq1ibsdrsbhwukqut3w771ghocwtyxcyp6z3mxfjbbc8igclkq1u74xcl1g4o8:latest/confusion_matrix_table.table.json","nrows":4}}