{"_wandb":{"runtime":74},"_timestamp":1.752585427645141e+09,"epoch/accuracy":0.7809734344482422,"_runtime":74.919566034,"epoch/loss":0.4486994743347168,"epoch/val_loss":0.5935370326042175,"epoch/val_accuracy":0.7368420958518982,"epoch/epoch":99,"confusion_matrix_table":{"size":193,"ncols":3,"sha256":"068ebd26fe8d12b7c3496945bcf87c877a0d260908b8c27286d0a9f7ac21decf","artifact_path":"wandb-client-artifact://8b9gyhrsatve8qkjas061sljti1hiazh90lrb6k5gjqeaiccajblb4v4lhm8q8g21n7d8qwr1g1ys5ljdxbak5vml6xgfh9v3ud37jeu7loi2wqbhsnoomuze2t2lkjf/confusion_matrix_table.table.json","_type":"table-file","nrows":4,"path":"media/table/confusion_matrix_table_100_068ebd26fe8d12b7c349.table.json","_latest_artifact_path":"wandb-client-artifact://4xvw5vhym9mnflss3402flxgj4b5wlw8qeojw9rd8jqoib305al9lk9gkvn9723503od5qbiaki8w0kt7p0dxteeyewp0splrtcas7pzg219l1tg4zrcjqpkh4bzlj01:latest/confusion_matrix_table.table.json","log_mode":"IMMUTABLE"},"epoch/learning_rate":9.999999747378752e-05,"_step":100}