{"_step":100,"_runtime":73.088445573,"epoch/learning_rate":9.999999747378752e-06,"epoch/accuracy":0.6659291982650757,"epoch/val_accuracy":0.6491228342056274,"confusion_matrix_table":{"_latest_artifact_path":"wandb-client-artifact://pyfaf3m7qz9me97ebc62b3vq1elqqxe9xv67r7c2unjndzwf43v9jxc4n4vasw8xrtfdgg97h2oou56yitcjzsskasgi0prt9n3jlca5ka5nl09d05jzqiiubqnpiybe:latest/confusion_matrix_table.table.json","ncols":3,"nrows":4,"size":194,"log_mode":"IMMUTABLE","_type":"table-file","path":"media/table/confusion_matrix_table_100_97937cac08d9cc55123e.table.json","artifact_path":"wandb-client-artifact://7emazty0w6688g9m82bljdxeukamcd6ewsb7j42mx2qmwp2hyoq8nh6ala4w48g6ua17xf3l23nnvmii1p5rspecyaps8h65yvog9ni6b2mn31gy626obew6lbh96b97/confusion_matrix_table.table.json","sha256":"97937cac08d9cc55123e6432f9a478e57dea2c5fcb64e56ae7b826a274cd5bd8"},"epoch/val_loss":0.6450537443161011,"epoch/epoch":99,"_timestamp":1.7525708946272671e+09,"_wandb":{"runtime":73},"epoch/loss":0.613361120223999}