{"epoch/val_accuracy":0.6052631735801697,"_runtime":77.278568251,"confusion_matrix_table":{"_latest_artifact_path":"wandb-client-artifact://7n3zi490n63bccb7cplojph1q2ktri4sdm7psqp1m5gulr6zldyy0uqu4f5gjsytqgw5qtg88vplzrskcncu4kwv4iu9op58cqz02sst9gfzvevc9o9ocwi3r2lw3mx3:latest/confusion_matrix_table.table.json","path":"media/table/confusion_matrix_table_100_889ae5ee69b07f3bb38d.table.json","size":194,"artifact_path":"wandb-client-artifact://no0voluwvi322n7jatxjptlh18n11u09ynngxxlwnp0g80vv5opzj3qt4fi7hqjjosvgq3kguceow6vnnz420sg6e9kb789w20o4cpwsodi9m2nil6nwjkbsl8l2z3d4/confusion_matrix_table.table.json","sha256":"889ae5ee69b07f3bb38d5c1c5898828ffa6d7c86763e08a5266cfb654647a8cc","nrows":4,"ncols":3,"log_mode":"IMMUTABLE","_type":"table-file"},"epoch/accuracy":0.6415929198265076,"_timestamp":1.752577193678264e+09,"epoch/learning_rate":9.999999747378752e-06,"_wandb":{"runtime":77},"epoch/loss":0.6384570598602295,"epoch/epoch":99,"_step":100,"epoch/val_loss":0.6490606069564819}