{"epoch/epoch":99,"epoch/learning_rate":9.999999747378752e-05,"epoch/loss":1.383596420288086,"_wandb":{"runtime":56},"_timestamp":1.7519592222922752e+09,"_step":100,"epoch/val_loss":0.6786515712738037,"_runtime":56.373709186,"confusion_matrix_table":{"ncols":3,"path":"media/table/confusion_matrix_table_100_6d6eeb227eaabf6ad845.table.json","artifact_path":"wandb-client-artifact://7axs6ho0brmxxspi4hqde4utz56a23vugkv4bsopfk8mko7r68w66624ox2t4po5yy8vnf3le5gs6i32zjy0aq2lvw0sqmih6qu3mbxmje9t2tjifmsbgtuurksskjc8/confusion_matrix_table.table.json","_type":"table-file","nrows":4,"log_mode":"IMMUTABLE","_latest_artifact_path":"wandb-client-artifact://ydbkrubfz9hlnk77gbxqwmucx42s5tk6xczvl49a0pk3dog3np5ys020tv4lm9zvimnsfnekaz9smmlzzjv2kwbbf9yv64o928ftk46uqnibjkcgkyd101m17mtz66cf:latest/confusion_matrix_table.table.json","sha256":"6d6eeb227eaabf6ad845fb13913123be125701b80d60e8073082e6e06302e363","size":193},"epoch/accuracy":0.5262008905410767,"epoch/val_accuracy":0.6078431606292725}