{"epoch/accuracy":0.4761904776096344,"epoch/val_accuracy":0.3571428656578064,"epoch/val_loss":0.8455449342727661,"epoch/epoch":19,"epoch/learning_rate":0.0010000000474974513,"_step":20,"confusion_matrix_table":{"size":191,"ncols":3,"artifact_path":"wandb-client-artifact://p258uc43ty9bu6t2jock4qm7fc36t6rivjez1hyojxw11ybs5w57rshwj9e0kywabyfnq12dk1m386jujoft1g614fxn4hphdd9dqymi7axdimc8tpjiu2zz2o7tztbc/confusion_matrix_table.table.json","_type":"table-file","log_mode":"IMMUTABLE","sha256":"72b1b11ec1264c6e155f5117788b0237e3d4429f40ebdcf106ef5eec2b8fb385","path":"media/table/confusion_matrix_table_20_72b1b11ec1264c6e155f.table.json","_latest_artifact_path":"wandb-client-artifact://nljvvie4djpulfix4mb51fsv4r2axlj4w94da0ija4dwuaemklws12zaq6yhaszj2fc5lu7f8e14h5e743h8wmbr4iyl2gr3jzkxbcubk1l890f5i4hczgz78jaibysy:latest/confusion_matrix_table.table.json","nrows":4},"_runtime":37.451134108,"_wandb":{"runtime":37},"epoch/loss":1.421735167503357,"_timestamp":1.7512773426199505e+09}