{"_timestamp":1.7525776681902955e+09,"_wandb":{"runtime":112},"_runtime":112.56923994,"_step":100,"confusion_matrix_table":{"size":194,"_latest_artifact_path":"wandb-client-artifact://1pe2or9jxzi667gsv6jttfeq0h7dscj9ztqxgecm4vjwkq5rppjxmp673vjgfu7ds65i6glcx7x8z5n2ip5slljcbwzwl0oefwii30wd4m8uwvtqphqvr5yubpoyloj1:latest/confusion_matrix_table.table.json","path":"media/table/confusion_matrix_table_100_eadc760b2d94052f05bc.table.json","ncols":3,"sha256":"eadc760b2d94052f05bc8cbcde67bf19d6e1bc7bdbdc280792a31180c429292a","_type":"table-file","nrows":4,"artifact_path":"wandb-client-artifact://2w2jh6kopas18m3gf9oglj1yqidi6cm5qpcm1di0nw2fzzbx24jm617lef9stbkoclp3qn261n9d088crjzybp9017prbqn8l4e24g2cxkfoam4jycs8h3fb2q9xcx54/confusion_matrix_table.table.json","log_mode":"IMMUTABLE"},"epoch/accuracy":0.6150442361831665,"epoch/loss":0.6673156023025513,"epoch/learning_rate":9.999999747378752e-06,"epoch/epoch":99,"epoch/val_loss":0.6902947425842285,"epoch/val_accuracy":0.5526315569877625}