{"confusion_matrix_table":{"ncols":3,"sha256":"fba3e4ef7ac8c808071d6e838cfeeb8e044e7d53036fdc7a478ecd637457de33","_type":"table-file","path":"media/table/confusion_matrix_table_100_fba3e4ef7ac8c808071d.table.json","nrows":4,"artifact_path":"wandb-client-artifact://ejgof09rycfm8mgwkledkvfib98s20eg1pfl6hnqswzv9mzpzcv11i2xckh0bq8n6gc218zs5ps42kpmd8a5ohstpc1pkzb5blk474qe2htjezhjz8qki2c2q8jgvc0k/confusion_matrix_table.table.json","_latest_artifact_path":"wandb-client-artifact://qyj5dxwiwnlxm65i7esfaxwchgjdtdhzc38ji84wk9ux0et8psmg5bfbdyln21q3s5mafd00nllpsobbfrvnebp2uf8w3qelza6ce2tr7vnviw4rxlj21iew29zx1v56:latest/confusion_matrix_table.table.json","log_mode":"IMMUTABLE","size":192},"_wandb":{"runtime":300},"epoch/learning_rate":0.0010000000474974513,"epoch/val_accuracy":0.3928571343421936,"epoch/val_loss":0.9127187728881836,"_runtime":290.92159301,"epoch/accuracy":0.5079365372657776,"epoch/loss":0.6948755383491516,"epoch/epoch":99,"_step":100,"_timestamp":1.7510174374653196e+09}