{"epoch/val_loss":0.4695907235145569,"epoch/learning_rate":0.0010000000474974513,"_runtime":35.006488005,"epoch/epoch":9,"_wandb":{"runtime":35},"epoch/accuracy":0.6785714030265808,"epoch/loss":0.5475345253944397,"epoch/val_accuracy":0.7857142686843872,"_step":9,"_timestamp":1.7508419423459113e+09}