{"epoch/val_loss":0.6828194856643677,"_wandb":{"runtime":71},"_runtime":71.880814451,"epoch/val_accuracy":0.5614035129547119,"epoch/learning_rate":4.999999873689376e-06,"_timestamp":1.752579509979309e+09,"confusion_matrix_table":{"path":"media/table/confusion_matrix_table_100_3c34fe206f0bcaf3c480.table.json","ncols":3,"sha256":"3c34fe206f0bcaf3c48081a8bfc74d52f624037fe9c0079a23d18717979b4244","size":194,"artifact_path":"wandb-client-artifact://21dckyk3hzerb7t5z45i6ot8p0bxvg6is1ahfl08ck4l88cs6x4r07zj7aq4hbyenxxeyudkma0w0y7b8h7p1h9nf3od80g7hvofy6zezycln3ucx0i8ibb6vammqr7d/confusion_matrix_table.table.json","nrows":4,"_type":"table-file","_latest_artifact_path":"wandb-client-artifact://eo95cx8p1hxh1xhoafm66ysvk4pt9nd0omhn8bocxzmyol95q8jugaal855roazookdc7tk8lr0vg7ooqa1dioayhmtoqtfoiqwbzzo8g186e8pp8l8r76ah5oqe700k:latest/confusion_matrix_table.table.json","log_mode":"IMMUTABLE"},"_step":100,"epoch/accuracy":0.5154867172241211,"epoch/loss":0.7352624535560608,"epoch/epoch":99}