{"epoch/val_accuracy":0.7058823704719543,"epoch/accuracy":0.8340611457824707,"confusion_matrix_table":{"artifact_path":"wandb-client-artifact://7qs0953yufzdk6txibf7cqv9ksjjru439e7h2mx0r0lblbad2dnx14tpxx4wxe5zrh8hd3par3g28mercm9twtj1nh908fmn84wpxx9o1wuz6wprn9kg3exnnmtkpegr/confusion_matrix_table.table.json","log_mode":"IMMUTABLE","_type":"table-file","nrows":4,"size":192,"ncols":3,"path":"media/table/confusion_matrix_table_100_1fcb00eab4cc297baeb0.table.json","_latest_artifact_path":"wandb-client-artifact://ogst1wii3y1w1iohu0ku7tgq44upp3ffc7fnrv910yw4n2h933a9v5tm7f02j579iicmfbqpymez8rhk8kiajzlst4nvt9shtrdxsk9qbks903e3a8oym7dhy3706qdq:latest/confusion_matrix_table.table.json","sha256":"1fcb00eab4cc297baeb0b99e1effe3514cab2af6d39a842684b4438772af1425"},"_step":100,"_runtime":377.51951592,"epoch/epoch":99,"epoch/loss":0.6878487467765808,"epoch/learning_rate":0.0010000000474974513,"epoch/val_loss":0.5852628350257874,"_timestamp":1.7518673940675826e+09,"_wandb":{"runtime":384}}