{"epoch/loss":0.4937460422515869,"epoch/epoch":9,"epoch/val_loss":0.5206807255744934,"_runtime":121.451509784,"epoch/val_accuracy":0.7857142686843872,"epoch/learning_rate":0.0010000000474974513,"epoch/accuracy":0.7341269850730896,"_step":10,"confusion_matrix_table":{"ncols":3,"size":191,"sha256":"bfb0cbf4aa00b2708261bec7096c1a6c271c41d1fce9eb5e311bfce852c52fde","nrows":4,"_latest_artifact_path":"wandb-client-artifact://pbrwqyqdmcwrp7shzpb2g5l1yexcdzte4z1x0h3gt9n40qak3uw07dv0olnh6ikezq4aqju45kge4oow5qqy1z01b7hjcafqfqaphsp6w9a8kbfxhm8rur05s2s5x9l7:latest/confusion_matrix_table.table.json","log_mode":"IMMUTABLE","path":"media/table/confusion_matrix_table_10_bfb0cbf4aa00b2708261.table.json","artifact_path":"wandb-client-artifact://zv01xa52g9afd635nfmu7jzrs5cf607qn24twqwr9lkgdawlcrafxam6vd7hlwmggrhblt74gcyuo4d6u5702yidx863zf6ncemtgvn7tvzpoiok5nq76o4eytrp8ptp/confusion_matrix_table.table.json","_type":"table-file"},"_wandb":{"runtime":928},"_timestamp":1.7506661958762538e+09}