{"_timestamp":1.7525711883239143e+09,"epoch/learning_rate":9.999999747378752e-06,"_runtime":84.024745566,"confusion_matrix_table":{"_latest_artifact_path":"wandb-client-artifact://ur6txbrl7domch22fd58gwzxgrv40rkubq2a90plmcnmi9p36dab25lgz9i0lz867hei9ptflxh0wyz542sut5shzt4gzpbd2siloyahah5pudvdnn3dltynad79fpp0:latest/confusion_matrix_table.table.json","_type":"table-file","nrows":4,"ncols":3,"sha256":"5b6484edb2f9bf143339f1805ed13716cbc91eaaee9c49c9ed0717fdaa28c3da","size":194,"log_mode":"IMMUTABLE","path":"media/table/confusion_matrix_table_100_5b6484edb2f9bf143339.table.json","artifact_path":"wandb-client-artifact://qcq4p0zn25zuph0h6ssdfn9w9209ctckp68vmkcaubxaks72ww1e6gh38h8sescdwps0xnivpi3117z720lus3jk6a793z8i9wcrp6df6yoz65xh51bgj1ugc7448a22/confusion_matrix_table.table.json"},"epoch/val_accuracy":0.6491228342056274,"epoch/accuracy":0.6039823293685913,"epoch/epoch":99,"_step":100,"_wandb":{"runtime":84},"epoch/val_loss":0.6461929678916931,"epoch/loss":0.660061776638031}