{"_runtime":72.905642565,"_timestamp":1.7525814952699287e+09,"confusion_matrix_table":{"log_mode":"IMMUTABLE","ncols":3,"sha256":"62247c2c9a33f0a518f597ef5c9bbde49fb30b1f8b3844679eb1b4f6f4d521f8","size":194,"path":"media/table/confusion_matrix_table_100_62247c2c9a33f0a518f5.table.json","_latest_artifact_path":"wandb-client-artifact://blnkme9yvt649rvo5z7vv70v27ln09ia4u13do5y6w29koexdt8mqwbquxf7d7geyhxq3g2a60iky92ngheg0yhy0w141irqtt9xfriv8mpxkih9vn6vtcqyu57qnjjg:latest/confusion_matrix_table.table.json","nrows":4,"_type":"table-file","artifact_path":"wandb-client-artifact://6xzjymzforofaa977h2ga187jdsaxofy2tts7rb7i03tdp99lftl397r8675oxq89h7kau8nvu7nyq7xjo4polzdfvkhrdbidu3e8jp17enqkkibuy7xomjufxq24ogi/confusion_matrix_table.table.json"},"epoch/learning_rate":4.999999873689376e-05,"epoch/accuracy":0.6548672318458557,"epoch/loss":0.6170523166656494,"epoch/val_accuracy":0.6754385828971863,"_step":100,"epoch/epoch":99,"_wandb":{"runtime":72},"epoch/val_loss":0.608709990978241}