{"epoch/learning_rate":4.999999873689376e-05,"epoch/accuracy":0.6637167930603027,"_wandb":{"runtime":89},"epoch/loss":1.2097088098526,"epoch/val_accuracy":0.6315789222717285,"_step":100,"confusion_matrix_table":{"ncols":3,"path":"media/table/confusion_matrix_table_100_82b39a944bf24977c8e4.table.json","_type":"table-file","artifact_path":"wandb-client-artifact://afuhiy7rkqrhtk55pgfx56ho96pif2x8bk9lfdm9cj19u0v883s5rlvqpslhsdvy1uwqwb6xcco4p0avtiiylj10q5jdyjmmr86q6nhnip8jezgas3af0yad6o3xz3q2/confusion_matrix_table.table.json","size":193,"log_mode":"IMMUTABLE","sha256":"82b39a944bf24977c8e4b23dcbae9fd2eb902c4ba7ddbc4c944f462984dad5ca","nrows":4,"_latest_artifact_path":"wandb-client-artifact://9f2bbfpo42a7fv9ainycy00mjr4tvoamqw1gte8zzai3lvfhzljcj6kch2i0htb0vubeqjz72pr12in3xmx1vhcs76urfv0z3m6gzs6d2646onxfbo246ilmjmp4hxgl:latest/confusion_matrix_table.table.json"},"epoch/epoch":99,"epoch/val_loss":0.624662458896637,"_runtime":89.651756364,"_timestamp":1.7519621965740545e+09}