{"_timestamp":1.751272493115703e+09,"epoch/epoch":19,"epoch/learning_rate":0.0010000000474974513,"epoch/val_accuracy":0.6428571343421936,"epoch/loss":0.6973495483398438,"_wandb":{"runtime":30},"_step":20,"epoch/accuracy":0.5277777910232544,"_runtime":30.202594853,"epoch/val_loss":0.6864203810691833,"confusion_matrix_table":{"size":192,"sha256":"d87a97debe7fb540cc146b2ea444c1aa3620ac9a898286620391fc05619644cc","path":"media/table/confusion_matrix_table_20_d87a97debe7fb540cc14.table.json","_latest_artifact_path":"wandb-client-artifact://h1qn3bt3trvd6jl6xiqk70hw3lhqm5gi9dn9lteg7ognlf4tcijph1gzmvt9avt4e9bt7r050aj71sk0q63a0ndhdbhto7qaz9x4s4pzmxnzz2y0b44vv4xje7woxx84:latest/confusion_matrix_table.table.json","_type":"table-file","nrows":4,"artifact_path":"wandb-client-artifact://hvi09yml7w6fuyyv5p5yv0j7hxa5yxq7b6kflns8pryjtvmvk196kgut20t0uumhq292zcyql9zcs1ae6x8lah9p80lnvoob13nzqkd8pt0qhc2bfzls3g5j7pjvgpyz/confusion_matrix_table.table.json","ncols":3,"log_mode":"IMMUTABLE"}}