{"_step":100,"epoch/accuracy":0.6017699241638184,"confusion_matrix_table":{"size":194,"log_mode":"IMMUTABLE","_type":"table-file","_latest_artifact_path":"wandb-client-artifact://uaq4f5gbsubpad6rv9g34tvvwbee63kwu8k19jqrb1gj8wcfkvh3o9wxlr2isukc1k0i8wtbfxr2r4vt6f2cne5p0l6qqyzyxn8dadawfkr8g9id0tkk9sgnt088uclv:latest/confusion_matrix_table.table.json","ncols":3,"nrows":4,"path":"media/table/confusion_matrix_table_100_8412e372568d6a8b24cb.table.json","sha256":"8412e372568d6a8b24cb1513dd086232eb0929845e2c01f79cee30d871f6e815","artifact_path":"wandb-client-artifact://0kwtgvv9ahhd2jvrwws7cyccwy5555z0vxbl9x9nq7s1in449nwyfskbndkcw8o6kz4n2o0cvmdb0x175im1pjr0gzmm2ds0r6qala3vupck38f8k0gp3moas6omtlng/confusion_matrix_table.table.json"},"epoch/val_loss":0.6502750515937805,"_wandb":{"runtime":57},"epoch/loss":0.6464188694953918,"epoch/val_accuracy":0.6491228342056274,"_runtime":57.967535849,"epoch/epoch":99,"epoch/learning_rate":4.999999873689376e-06,"_timestamp":1.7519891669245846e+09}