{"epoch/learning_rate":9.999999747378752e-05,"epoch/loss":0.46695151925086975,"_timestamp":1.7525737073749058e+09,"epoch/epoch":99,"_runtime":49.1320995,"epoch/accuracy":0.7831858396530151,"epoch/val_loss":0.5633495450019836,"confusion_matrix_table":{"_type":"table-file","size":194,"artifact_path":"wandb-client-artifact://ksy3q6qgdmzw3a4cbrmav5bm6dkl0vox4r35i8hjwl8gzkz7rbmppnasrgbil64wz8yfkbl60hm56cq7zrxit3y8fy7d0h9gvo1g91lwe09qtx1ml3ttp8knbv2vj7fu/confusion_matrix_table.table.json","sha256":"50926fc87006f550e5a01eb6370d8e3b465bc2766c98e08134dc67c8214e2893","nrows":4,"log_mode":"IMMUTABLE","path":"media/table/confusion_matrix_table_100_50926fc87006f550e5a0.table.json","ncols":3,"_latest_artifact_path":"wandb-client-artifact://mrra1gko8ktvu9x34go224ldf1q97nlm7mdpsa76oj2nv9b2hcp2lhipzov75hx0nhcnc8ng2aorjjafkqp2bhxy7odlmjt9g7p4vdcamdrw00hofpacde7pj4nsvlpe:latest/confusion_matrix_table.table.json"},"_wandb":{"runtime":49},"_step":100,"epoch/val_accuracy":0.7017543911933899}