{"_runtime":109.397368798,"epoch/epoch":99,"_step":100,"epoch/val_loss":0.7273638248443604,"epoch/learning_rate":4.999999873689376e-06,"_wandb":{"runtime":109},"epoch/val_accuracy":0.4736842215061188,"confusion_matrix_table":{"size":193,"nrows":4,"log_mode":"IMMUTABLE","_latest_artifact_path":"wandb-client-artifact://8lv1yr9syknxnpy0spd0xznug7asta6z1bi8a8xrgmjkqmlvkcw1u1of1d79c4pil0h2188k2m2ptdu7p8huwl8ig4qtgs8rgjd9it0ptwj5aahfex6kx04nns2owshp:latest/confusion_matrix_table.table.json","path":"media/table/confusion_matrix_table_100_1c273823e08d0e6af2f0.table.json","artifact_path":"wandb-client-artifact://0yo68pzsv2pk3yokyzh8eg0pqbbukpvyoboizp5aig67nd2nyzh2ugqc1jvlp92xrfbq3hgmuajd5iscz254n47rqdpndpl2q4rkm8v5hbwgqxttq3dafoxxrdcsilu1/confusion_matrix_table.table.json","sha256":"1c273823e08d0e6af2f0e779804c8801936fe4cbd0dde09b9fc05a561a5e6f14","_type":"table-file","ncols":3},"_timestamp":1.752578352413704e+09,"epoch/accuracy":0.5265486836433411,"epoch/loss":0.7309497594833374}