{"_runtime":89.120229375,"epoch/val_accuracy":0.6228070259094238,"epoch/val_loss":0.6406987309455872,"confusion_matrix_table":{"_type":"table-file","sha256":"bbdf5e1fd9afdd789ae5453a12c066e57a60aca2fbd3131b3fe66895d5e0440a","path":"media/table/confusion_matrix_table_100_bbdf5e1fd9afdd789ae5.table.json","_latest_artifact_path":"wandb-client-artifact://nyzlqmp6itm8t0txutrc0y0unexxgpsu1t7gjdrexb5hit7tjms2gilpwaa404o1wq8y0idqah97fmkefrarfi9ntvz86wperimwrf4hwg6iyi8qs80vd6xrwdg5glw8:latest/confusion_matrix_table.table.json","log_mode":"IMMUTABLE","artifact_path":"wandb-client-artifact://50x2k723z74cprij4o4a13tbzfvhvdpwu6es13rz5kid57cz1cyoe22y2cwslvmhgic555vck8v0p2eyse6v1ickv0sipwmj07l3tf91xswio7n5h8uzndg9g43o98kx/confusion_matrix_table.table.json","ncols":3,"nrows":4,"size":193},"epoch/accuracy":0.6216813921928406,"epoch/epoch":99,"epoch/learning_rate":9.999999747378752e-05,"_timestamp":1.7519660817854419e+09,"_step":100,"_wandb":{"runtime":89},"epoch/loss":1.2748689651489258}