{"_timestamp":1.7524942639901357e+09,"epoch/accuracy":0.6238937973976135,"_runtime":68.550957298,"epoch/learning_rate":4.999999873689376e-06,"confusion_matrix_table":{"_type":"table-file","log_mode":"IMMUTABLE","artifact_path":"wandb-client-artifact://06tph5ez5dh3yrfc03gzskij71fjbeuiuzpzjgux66vmogaxtuvuqi9npsm2hsqes43c5sp1ddl8uyn6euxsydkuj74quq7in6szbwva174uzumyhgda6qt1yke4bq7g/confusion_matrix_table.table.json","size":193,"path":"media/table/confusion_matrix_table_100_92c66b69847de17a6534.table.json","ncols":3,"_latest_artifact_path":"wandb-client-artifact://uvwaxs5ay5xmlt40zzzjzeyxf1f6fbnqa3w4cgu9hv5ymw5bitcwulykgpxr3o3sp29gm9ukkeqhk3w1alsdl42s6yr9c02ebq7o7fxt20smjtlrd19v2f6idhlj1r3w:latest/confusion_matrix_table.table.json","sha256":"92c66b69847de17a6534c86d45d15b0833b7f6662db3c5b2928019ff74e8d7f1","nrows":4},"epoch/val_loss":0.6580548882484436,"epoch/epoch":99,"_step":100,"epoch/val_accuracy":0.6491228342056274,"_wandb":{"runtime":68},"epoch/loss":0.6535532474517822}