{"epoch/loss":0.8840193748474121,"epoch/epoch":99,"epoch/val_loss":0.5726940631866455,"epoch/val_accuracy":0.7631579041481018,"_step":100,"confusion_matrix_table":{"nrows":4,"_latest_artifact_path":"wandb-client-artifact://kyx0ve3dbtqfnqg3yxr50vdd88bi0idu54c4r75ozk9bt7fub8php7o7mg530ayghly7vltwohgumvltwawwl4fx7nsb70t13ow1dafh424ikgjst6zbw3tblq2qe0kh:latest/confusion_matrix_table.table.json","_type":"table-file","artifact_path":"wandb-client-artifact://a27rueifl6eixqojwmhevkxm1vay4rrq3h6eq003tkeosyn6zjzeizi0skh6bzz5jrv244f0ksoaclbti2uyw3jxi4ifr4euqsm8k8hqqgmodanejfs2jv8hssojprik/confusion_matrix_table.table.json","ncols":3,"sha256":"496ba23f025d379c99b2e435c81e42342207a9fb04db1f724bc9379aae96c7d3","path":"media/table/confusion_matrix_table_100_496ba23f025d379c99b2.table.json","size":194,"log_mode":"IMMUTABLE"},"_runtime":84.431931217,"epoch/learning_rate":9.999999747378752e-05,"_timestamp":1.7519596099756925e+09,"epoch/accuracy":0.8075221180915833,"_wandb":{"runtime":84}}