{"epoch/learning_rate":4.999999873689376e-06,"confusion_matrix_table":{"_type":"table-file","sha256":"87d8c877cf7a0d38d998234f66f3e3fe76c7f63622c9bdad38bdfc9e63f6cf22","size":194,"nrows":4,"artifact_path":"wandb-client-artifact://ujddoz7g1vnd5nul3vgc2wl9l6wsfi3e0m15l6v3xi7h7zaskiq9bqzu9er4azakdx6trtu5pdmathgdzucbvehfj3bajrkk1t5mutrly8bl5ievskbua11r42bcmjb7/confusion_matrix_table.table.json","ncols":3,"path":"media/table/confusion_matrix_table_100_87d8c877cf7a0d38d998.table.json","_latest_artifact_path":"wandb-client-artifact://izfxdamq2we9130s4d1lc73iu8irwvamp9y7nqjlutlaxwhvqb3c1f6434d0s5bbavon1h19hre88rockgw6uouty353v40exaoahkjeuusz0wdwomjngs73f24uskpa:latest/confusion_matrix_table.table.json","log_mode":"IMMUTABLE"},"epoch/epoch":99,"epoch/val_accuracy":0.7105262875556946,"epoch/val_loss":0.575069785118103,"epoch/accuracy":0.758849561214447,"_wandb":{"runtime":89},"_timestamp":1.7519897418803668e+09,"_runtime":89.359009648,"epoch/loss":0.4752231240272522,"_step":100}