{"epoch/learning_rate":9.999999747378752e-06,"_timestamp":1.7525722431172953e+09,"epoch/loss":0.6620182991027832,"confusion_matrix_table":{"nrows":4,"path":"media/table/confusion_matrix_table_100_348f640e738a2c61bfee.table.json","_type":"table-file","ncols":3,"sha256":"348f640e738a2c61bfee36046803bcb40eeb031638ab1629f19a291406167050","artifact_path":"wandb-client-artifact://74fdomlfzpjbkk2pgxkqe0fso7u0c57a46sd95fu759lfgy3ds57ab38dyx8hlgnsvgef5akpznt3jz0jnknf30ltcy61eli5faljhnp2iqvfd0xtrdcg7dlk2m5kcm4/confusion_matrix_table.table.json","size":194,"log_mode":"IMMUTABLE","_latest_artifact_path":"wandb-client-artifact://03xk6aukc753zzi0rzhj0c2o9vnlcxjplqtd75gsvcxunt7rrumcarxidlyc02a8ymj25g2nrcugg075ccv107nkz0evafgo2dusaa7o50de0uw5ssw57tj3frmghrwa:latest/confusion_matrix_table.table.json"},"_wandb":{"runtime":105},"_step":100,"epoch/val_accuracy":0.6052631735801697,"_runtime":105.479241958,"epoch/val_loss":0.6605236530303955,"epoch/accuracy":0.5995575189590454,"epoch/epoch":99}