{"_timestamp":1.752579310300944e+09,"epoch/val_accuracy":0.7368420958518982,"_runtime":78.415264732,"_step":100,"_wandb":{"runtime":78},"epoch/epoch":99,"confusion_matrix_table":{"ncols":3,"nrows":4,"path":"media/table/confusion_matrix_table_100_212750d21901c970164a.table.json","artifact_path":"wandb-client-artifact://vjrta93ltylzmbtco3vgzhprs01ic01zexgwp7e1h66rkbsqprpzfw6yw2sdx3brhbitd9ywwhmu71uds2k0ubbhaqfvjf4x4808r13v9n3or4a10n68gl7dasd5uf8b/confusion_matrix_table.table.json","_latest_artifact_path":"wandb-client-artifact://02qpab8yjx3e00eu5outqgs8grmu8a516igzl0k83r7fonwr5xyhqo3ookgr90c3cimgnmrpds2u6vtsz5u809tz1s5vbarwwa95s9lbvjtl6n3m3lwd5hq2yux4gowf:latest/confusion_matrix_table.table.json","log_mode":"IMMUTABLE","_type":"table-file","sha256":"212750d21901c970164a7abdd8d546d1bd3d4fca9a5203341ed5349fa8f0667c","size":194},"epoch/learning_rate":9.999999747378752e-06,"epoch/accuracy":0.5951327681541443,"epoch/val_loss":0.621367871761322,"epoch/loss":0.68346107006073}