{"epoch/accuracy":0.5752212405204773,"epoch/val_accuracy":0.6140350699424744,"_timestamp":1.7525816159048588e+09,"_runtime":74.351607367,"epoch/epoch":99,"confusion_matrix_table":{"_type":"table-file","size":194,"ncols":3,"nrows":4,"log_mode":"IMMUTABLE","_latest_artifact_path":"wandb-client-artifact://8jikjmdibf32ysmmohimqlxmajszssrxnmdgy8hi8wr3d45w0k205db1r2ncxmztr8utyqcbykzq25kufrxwgv0p879tuu2myeujzgqhcdelkjwj2f3iezskvxs9it2r:latest/confusion_matrix_table.table.json","sha256":"fbc48e6a1219026869c23255c7664cb12e395cc23a8d4d7f5401927b8098df5f","artifact_path":"wandb-client-artifact://ds4tfhn1cg0pquo0xr4sm13p8lb2bfflfu8atvxsjfou8pyy0e1oldtce9yf7owboxkp9zn70vhj8ts8s6xsf8q4f7fdoxuwnegr2kly4bsxx0er05yj632ka9wkn2yv/confusion_matrix_table.table.json","path":"media/table/confusion_matrix_table_100_fbc48e6a1219026869c2.table.json"},"epoch/learning_rate":4.999999873689376e-06,"_step":100,"epoch/loss":0.6787452101707458,"_wandb":{"runtime":74},"epoch/val_loss":0.670928955078125}