{"_runtime":71.286551612,"_timestamp":1.752586195738941e+09,"epoch/loss":0.7803968787193298,"epoch/val_accuracy":0.5964912176132202,"epoch/epoch":99,"epoch/accuracy":0.6084070801734924,"_wandb":{"runtime":71},"epoch/val_loss":0.7828657627105713,"epoch/learning_rate":4.999999873689376e-05,"_step":100,"confusion_matrix_table":{"path":"media/table/confusion_matrix_table_100_9f0fdead6999a10140a6.table.json","size":194,"log_mode":"IMMUTABLE","artifact_path":"wandb-client-artifact://f1f9y6hcbqsmzlwgmauot0c5vs0c7mg485gpd0fd8iu0g63i937fzcpameo096dlglw9v1zkub8ht9udhpgya582dfbsylfankgvpqqqt90a06iwlxs8sfg147r8076m/confusion_matrix_table.table.json","nrows":4,"_latest_artifact_path":"wandb-client-artifact://cxxprmzhobjx51tnr8xapkrrm3pr209cl7w5rfo5dkq3o7cfwsdf72r45zyyb6lpg3k9em3uwgx6xdmqnu6kgxe02y6ekhiqzxcbc2xqqdma58l4kg84cqq1h2dw309i:latest/confusion_matrix_table.table.json","ncols":3,"sha256":"9f0fdead6999a10140a6d06ba23748b66ff2884d219ae77bfa7e3b742ea75da6","_type":"table-file"}}