{"_wandb":{"runtime":72},"epoch/epoch":99,"_runtime":72.145303964,"epoch/loss":0.40752992033958435,"epoch/val_accuracy":0.7631579041481018,"_timestamp":1.7525863366503153e+09,"confusion_matrix_table":{"size":193,"ncols":3,"nrows":4,"log_mode":"IMMUTABLE","sha256":"43683a69a00729b51f34e74c63b51838b26d03c9bf28ed0455a252cac7cbdd9b","_type":"table-file","path":"media/table/confusion_matrix_table_100_43683a69a00729b51f34.table.json","artifact_path":"wandb-client-artifact://atwokir54ssiganinpbxxm83ec4pkb56hixuk9qcb2j4uvqolg6my5v1hbk39scncle25tm3rdox1z3wo2n36xut83a5sp27f32gxmeads9390d8xhu41oigjaxqs687/confusion_matrix_table.table.json","_latest_artifact_path":"wandb-client-artifact://072u05d7y3zwjh6empub3adyqgv58ge4ehe7xz6s6opxi54hexnst4d5qg9q3gcrcx06qohdf2zsjzf6r27cxz3k45p7vsjksn91gkbazz33vzocd7i62a6mvm4fwfiz:latest/confusion_matrix_table.table.json"},"epoch/accuracy":0.8097345232963562,"epoch/val_loss":0.5076838135719299,"epoch/learning_rate":4.999999873689376e-05,"_step":100}