{"epoch/val_loss":0.6265901327133179,"epoch/val_accuracy":0.6666666865348816,"_timestamp":1.7525691472100775e+09,"_runtime":53.635019935,"epoch/accuracy":0.6659291982650757,"epoch/loss":0.6053512096405029,"confusion_matrix_table":{"artifact_path":"wandb-client-artifact://ysyq7xnk0s25mvkidfirnmcbx1gactu49b2t7mxi1nxrrn3uz2zq3c6fyih5bcql8lf3zfaed67c80vqxg87bps7j3dkig3n7ejtv8f54q8ostwsuazsacuwdx46sxr1/confusion_matrix_table.table.json","path":"media/table/confusion_matrix_table_100_a6605587a8fc357c447e.table.json","sha256":"a6605587a8fc357c447ebca8203e6ca9ea5fb539c1d665efd755045189316dbb","nrows":4,"_type":"table-file","ncols":3,"_latest_artifact_path":"wandb-client-artifact://j4ikvavt3a81cc4vqizuriop90zmhhz25ev605e8h2lv4nbaly1dju55b9ddr1gy0x1mp6y54ao0xpaauv2j46xsz5ida4yaoikmezayjjvbdzef4hp4ucsa0gokb5bj:latest/confusion_matrix_table.table.json","size":194,"log_mode":"IMMUTABLE"},"epoch/epoch":99,"epoch/learning_rate":9.999999747378752e-06,"_step":100,"_wandb":{"runtime":53}}