{"_timestamp":1.75126786074742e+09,"_runtime":287.901209961,"epoch/learning_rate":0.0010000000474974513,"_step":100,"_wandb":{"runtime":292},"epoch/val_accuracy":0.5,"epoch/epoch":99,"confusion_matrix_table":{"artifact_path":"wandb-client-artifact://l1166azx0lh7awt9r64ahk6yy225hhzgxvbu9d6dhurdntg6n14ybwz4la9o086nqrcb27gjnraw1faow49bvhkxn6tbvmbj6g77xzg2zro470wapup831wihi6r5s92/confusion_matrix_table.table.json","path":"media/table/confusion_matrix_table_100_26ad595f412a30066953.table.json","sha256":"26ad595f412a300669539cf149ee4ec541a553b8b616567d17228b1dc2421bbf","size":192,"_latest_artifact_path":"wandb-client-artifact://qqucubkj0hz2c4tvb2ryb944hpmp5z8secj9gamvmlgixpi3ewaluqv8oix83pdl559esn56kskag5cg3ufv6ehdyje0pxxz25liuv8slzyg8579vvfumaa7p9qwj43m:latest/confusion_matrix_table.table.json","ncols":3,"_type":"table-file","nrows":4,"log_mode":"IMMUTABLE"},"epoch/loss":0.6976308226585388,"epoch/val_loss":0.8324597477912903,"epoch/accuracy":0.4563491940498352}