{"_step":100,"epoch/val_loss":0.579602062702179,"confusion_matrix_table":{"_type":"table-file","ncols":3,"log_mode":"IMMUTABLE","nrows":4,"sha256":"57214102475b6d00f03722254017d3189531c719d31b84aa9cc10bc5f773975a","artifact_path":"wandb-client-artifact://luytwnweipwcmkk4zyv4ux76v0a6d35s9tckhu22r65cwu7baxtnia4pauctxn141co6al1o8fx6p9y0l2t861b69y9x8lvybaqev0s6vopw75mc7gmzjtv2vx4wbwxe/confusion_matrix_table.table.json","size":193,"_latest_artifact_path":"wandb-client-artifact://zq8w1fl7kl849zzi02f29bc6rfirwv4kpun9ilezily7a9ho4ymy5h39rbdstmse0ra1r2izxmj3optoaww41xdu4omg7rf5e5jcquv1jzs7pu40i2a33yx20crvmyl0:latest/confusion_matrix_table.table.json","path":"media/table/confusion_matrix_table_100_57214102475b6d00f037.table.json"},"_wandb":{"runtime":73},"epoch/accuracy":0.7168141603469849,"epoch/epoch":99,"epoch/loss":0.5421715974807739,"epoch/learning_rate":9.999999747378752e-06,"_runtime":73.337468694,"_timestamp":1.7525856020147574e+09,"epoch/val_accuracy":0.7017543911933899}