{"_wandb":{"runtime":94},"_step":100,"epoch/val_loss":0.6469940543174744,"_runtime":94.873886855,"epoch/loss":1.1427772045135498,"confusion_matrix_table":{"sha256":"b321b59629db68f78034f3fec16db5e763b1b617ac9016713943be608fde7e29","_latest_artifact_path":"wandb-client-artifact://izwcz5ubomb4nwqgsts2yqptmlgh306279q9a1rj966pyr5ceag1xrg5ejld1pl264u1nmdenknlctgrz6q9sw66431py82ml41c9xb2nqlu8x2q5ihwwbw5z6o3gby6:latest/confusion_matrix_table.table.json","path":"media/table/confusion_matrix_table_100_b321b59629db68f78034.table.json","_type":"table-file","artifact_path":"wandb-client-artifact://a4prca779rqv88xg8gd0wu6scmb7frr3eb5dagaieu15ff9d7ej4pnvwje9uqum8i4oven40ua4rbknkkeukrca2ngf61hk6afrrklza13sghlyg6g07rs1w7eqx1n9s/confusion_matrix_table.table.json","ncols":3,"log_mode":"IMMUTABLE","size":194,"nrows":4},"epoch/learning_rate":9.999999747378752e-05,"epoch/epoch":99,"epoch/val_accuracy":0.640350878238678,"_timestamp":1.7519623671200402e+09,"epoch/accuracy":0.6769911646842957}