{"confusion_matrix_table":{"sha256":"873e3e84ef07381c41a7c39dde8535c91e0e3490acaf61525c7d0d6a95cebed2","size":193,"_latest_artifact_path":"wandb-client-artifact://tsic1idyskebwybaxm7lewgk5hn5rofxc2r9hqt5pcmhgpjuw6yv2ix15x1wczo9daaavlvv5qtqpfonwylku1xy7b61zaaoxrr95cjvt395bstw9ehxgpk1zrszlute:latest/confusion_matrix_table.table.json","path":"media/table/confusion_matrix_table_100_873e3e84ef07381c41a7.table.json","nrows":4,"artifact_path":"wandb-client-artifact://74wbrx6nu3b0fnxd08xf3zoc52670l7dyqbo8t6bd66r7hylro12w7s97ldh4tplspbqmqt4pg0bcgq8lhzsfci8wi1z3wtt4cb46zjy1ryy7vnmv0t9abqubwh7wrtm/confusion_matrix_table.table.json","ncols":3,"_type":"table-file","log_mode":"IMMUTABLE"},"_timestamp":1.7525796831258836e+09,"epoch/val_accuracy":0.5263158082962036,"epoch/accuracy":0.5641592741012573,"epoch/val_loss":0.708222508430481,"epoch/learning_rate":9.999999747378752e-06,"_step":100,"epoch/epoch":99,"epoch/loss":0.690975546836853,"_wandb":{"runtime":73},"_runtime":73.093642777}