{"_wandb":{"runtime":28},"epoch/learning_rate":0.0010000000474974513,"epoch/val_loss":0.5233097076416016,"epoch/accuracy":0.75,"epoch/loss":0.49023786187171936,"epoch/val_accuracy":0.6428571343421936,"_timestamp":1.7508421332055879e+09,"epoch/epoch":9,"_step":9,"_runtime":28.255824379}