{"epoch/val_loss":0.7136961221694946,"epoch/epoch":99,"_runtime":54.968369091,"_timestamp":1.7519595067073991e+09,"confusion_matrix_table":{"size":192,"log_mode":"IMMUTABLE","path":"media/table/confusion_matrix_table_100_fb90fed8cc9a98c3b523.table.json","ncols":3,"artifact_path":"wandb-client-artifact://zolj4c3xmiv5bz0bx1mugucu22z00h16pvdgr3nqynx4iyo1ptfptxu4vpsbo0wk2pj5gui0qm9vehrxuwyyf10zwf3x03v86l1guor19dfdsjjkfs8glfd6j9bay623/confusion_matrix_table.table.json","_type":"table-file","_latest_artifact_path":"wandb-client-artifact://vmrs188w5tsn4sbjbvyulw88c7ufc5m52r6fies6qw3zu69gwv1v0qmfqdkevenivu9vpsb8cqetqxe1rp057s619s4490v4l3qt8ufc44r58zg7ksij2ei79wtx4cz0:latest/confusion_matrix_table.table.json","nrows":4,"sha256":"fb90fed8cc9a98c3b5232fe90fee1a10adc6b0adcdd31b651ab5350526655089"},"_step":100,"epoch/loss":1.3775564432144165,"epoch/val_accuracy":0.4736842215061188,"epoch/learning_rate":9.999999747378752e-05,"_wandb":{"runtime":54},"epoch/accuracy":0.5464601516723633}