{"epoch/val_accuracy":0.640350878238678,"confusion_matrix_table":{"_latest_artifact_path":"wandb-client-artifact://65jcjfdd8ie8ilg0hkhe11u1bpkgsrwx6xyskuempi0m3yng2b0308gfhbzhwdsp887owd522i0gkjq4dal89cowk8ubdmecev6k2kt2f78izp5jepceipgzk13uzxx6:latest/confusion_matrix_table.table.json","log_mode":"IMMUTABLE","artifact_path":"wandb-client-artifact://3vqqy0wb7cnrmsronznbt0217nantxfs5bxidcs25okht9cxa1vl3nsxn1znvqn1zkuq6ly6qsi8nn8po5adzt5wgwnmgxstk3tpoxh4t1dyjvmjjcgfwf9eu5ma2byc/confusion_matrix_table.table.json","path":"media/table/confusion_matrix_table_100_eac6d9f9ff50027467f2.table.json","nrows":4,"sha256":"eac6d9f9ff50027467f270a54058646b9ce5dbed69804e0a775618b9091de7d3","_type":"table-file","size":194,"ncols":3},"epoch/loss":0.6405981183052063,"epoch/epoch":99,"_timestamp":1.7525773005403752e+09,"_runtime":79.768706576,"_wandb":{"runtime":79},"epoch/accuracy":0.6415929198265076,"_step":100,"epoch/learning_rate":9.999999747378752e-06,"epoch/val_loss":0.6512935757637024}