{"epoch/loss":0.9753526449203491,"_wandb":{"runtime":34},"_step":20,"epoch/learning_rate":0.0010000000474974513,"epoch/epoch":19,"epoch/val_accuracy":0.5357142686843872,"epoch/accuracy":0.7222222089767456,"confusion_matrix_table":{"nrows":4,"_latest_artifact_path":"wandb-client-artifact://0okzalgu33skqsqrp9d4ck0d6aqfhr6qtsspgcovll2qy9o4h6fzttvxq86twbu6gsogl3laprt3bj6hf15m3a2inx4xmxxr7gwa5ubiu9h5qfb9nfdvzy5wftzdrzso:latest/confusion_matrix_table.table.json","_type":"table-file","artifact_path":"wandb-client-artifact://035o7lkpbaidtyc36o78kuecnk4b35z4z58pf4hnneuuy4nwveb4v5g2cf52iuvib8pqu9pb07cdo9xlqobhp1eqkzpvegkecexxdl03s2b8oovpuo8smzheuiks41ct/confusion_matrix_table.table.json","size":191,"log_mode":"IMMUTABLE","sha256":"bf4970c6b4d107c66127dc1015bbe9a072d4cf5fe0e1095365e61454514b4f7c","path":"media/table/confusion_matrix_table_20_bf4970c6b4d107c66127.table.json","ncols":3},"_timestamp":1.7512804402175064e+09,"_runtime":34.1162631,"epoch/val_loss":0.6835393905639648}