{"epoch/epoch":99,"epoch/learning_rate":0.0010000000474974513,"_timestamp":1.7512667486449068e+09,"_runtime":288.721717176,"epoch/loss":0.6940861940383911,"confusion_matrix_table":{"ncols":3,"log_mode":"IMMUTABLE","_latest_artifact_path":"wandb-client-artifact://bsjg5aa9suqs0jx414pz6g27tqane0jyx2ycfdds87f41c6fyiwne1ubatgyw4x9da1rj0r5jcafuz4xj63pkeuvtp3ly3wmirbj6p2uv8322vx2rtblo1ffzm8m0uhe:latest/confusion_matrix_table.table.json","size":192,"sha256":"d39495401fc8d4ed8a23d327eaab601ddc522e47c77243289031e09769d1d23d","path":"media/table/confusion_matrix_table_100_d39495401fc8d4ed8a23.table.json","_type":"table-file","nrows":4,"artifact_path":"wandb-client-artifact://41zpevpiw1wyiips4dtstb43gzfjmmib5t2fejge291b5o8zwe33ccs7m8di155kmxmrw46v9pbglckavswazn361pyiu8nogm7psdx7vdym7fjytkcyr3a52fmf2re7/confusion_matrix_table.table.json"},"_wandb":{"runtime":293},"epoch/val_loss":0.6897799372673035,"_step":100,"epoch/accuracy":0.5198412537574768,"epoch/val_accuracy":0.5357142686843872}