{"epoch/accuracy":0.6637167930603027,"_timestamp":1.752576679564329e+09,"epoch/epoch":99,"epoch/learning_rate":9.999999747378752e-06,"_step":100,"_runtime":50.121188849,"confusion_matrix_table":{"path":"media/table/confusion_matrix_table_100_e6dfd0bf755c264dd5f7.table.json","ncols":3,"log_mode":"IMMUTABLE","_type":"table-file","_latest_artifact_path":"wandb-client-artifact://m2mianf6utsp77xwa4vfbe48my463dahe1n2nerrrbq8qps6q5ua5ac18gy6xadlck0ewm0y45j6j5voet82xbvjm02meriod6f7n607ez3ifu04g1zi4jziue4ck5uw:latest/confusion_matrix_table.table.json","size":194,"sha256":"e6dfd0bf755c264dd5f74fd72f249d5a96d281d815c06b66e20a7cd4b85981b7","nrows":4,"artifact_path":"wandb-client-artifact://fi64dw57uqzqblpkfsf7vq5kjj4643k9mhowsytz0qxxphxo82mm7r3ua49qc9fgrmlx62ki2f00vo1hmyfquoigzp1eewg44oxkuzuui5pcdprdyy2c0gefnlo2l2dr/confusion_matrix_table.table.json"},"epoch/loss":0.6069579720497131,"_wandb":{"runtime":50},"epoch/val_accuracy":0.640350878238678,"epoch/val_loss":0.6376442909240723}