{"_wandb":{"runtime":83},"_step":100,"epoch/loss":0.5351324677467346,"epoch/learning_rate":4.999999873689376e-05,"epoch/accuracy":0.75,"_runtime":83.626309831,"_timestamp":1.7519885079863598e+09,"epoch/val_loss":0.5790123343467712,"epoch/epoch":99,"epoch/val_accuracy":0.7105262875556946,"confusion_matrix_table":{"sha256":"81bbf9b52d299c4b07321ad450de831b4e71475fa9d657a7dac41c837263f918","log_mode":"IMMUTABLE","_latest_artifact_path":"wandb-client-artifact://ivvd26tndnrfgsgl2ngjm1n5vhm47vjarzotveerd3o0g8mjo0l4hdiolxcumfjz0eaf63ofkl9284hiekzyz6k9h70lt0xzwa0j93tcgjjpw30o0d0jgerl2c49raoz:latest/confusion_matrix_table.table.json","size":194,"ncols":3,"artifact_path":"wandb-client-artifact://3ntbs35h04ysv7vjua2jlf5uoh1e365yrz8gz62kd8y7bkl1e04jw6kszuaw5lyba3fcd8yzbhp5ix6pp3w5lc90rhttgsbsnnt55g2eiai1m2aplxqj0ses30x1n2nt/confusion_matrix_table.table.json","path":"media/table/confusion_matrix_table_100_81bbf9b52d299c4b0732.table.json","nrows":4,"_type":"table-file"}}