{"_wandb":{"runtime":71},"_step":100,"_runtime":71.714160905,"epoch/accuracy":0.7809734344482422,"epoch/val_accuracy":0.7543859481811523,"epoch/loss":0.44682252407073975,"epoch/epoch":99,"epoch/learning_rate":4.999999873689376e-05,"confusion_matrix_table":{"sha256":"7fef6e3b55eb5f2af8fb178c791237635ade7cb3f3e8cc0be761e6fabeb9a7a7","size":193,"nrows":4,"log_mode":"IMMUTABLE","_type":"table-file","artifact_path":"wandb-client-artifact://zjha6jcrwajfxazw8aksty74f8ntfzi1qgy0p69iofmsao2pnne136ko2srrljqak0nku1zhd01o47f8h986fk09jnp6bbmxv3c4tujqi52csf1kqyo12x6iixtua8hj/confusion_matrix_table.table.json","path":"media/table/confusion_matrix_table_100_7fef6e3b55eb5f2af8fb.table.json","_latest_artifact_path":"wandb-client-artifact://38s7nsceimpr78bfxp91ot8cqkolh7nxzncw926p2zdxdbb7qade55gwhu4a0y78o3v0477ehyrjk0npqj1h9jyklgblcfzwfu8tgl23w2nruf24y68j2639ujjknmtp:latest/confusion_matrix_table.table.json","ncols":3},"epoch/val_loss":0.6039193272590637,"_timestamp":1.7525848079964023e+09}