{"epoch/val_accuracy":0.6315789222717285,"epoch/val_loss":0.6099631786346436,"_wandb":{"runtime":74},"confusion_matrix_table":{"ncols":3,"log_mode":"IMMUTABLE","size":194,"nrows":4,"path":"media/table/confusion_matrix_table_100_2ff71ffddbf66995b1e0.table.json","_latest_artifact_path":"wandb-client-artifact://odaxcilti3h6hs42tu22pnvm2l9urx9517nfdzgo12v0j7y3nw2a8icx9vuwro8lv35l5tgtxlaccptqxhy7x5iz5dkjx2gup0ajlbepl9856e1mtnvvhczn5xn2jyil:latest/confusion_matrix_table.table.json","sha256":"2ff71ffddbf66995b1e020768de0ec36d6905099cace6b0ae27603f18873a038","artifact_path":"wandb-client-artifact://1uicm5jtobdxqvye5m0ixxzy6ilgxzzg6kimjl0ixjiimlirgwy65mnbkqm5ogix0dlksqnmysp0hkvlwye2wjw72n4l0k8eude3lm63ucvsq5reerkd0d20wx44dg93/confusion_matrix_table.table.json","_type":"table-file"},"epoch/loss":0.6239442229270935,"_runtime":74.683918978,"_step":100,"epoch/accuracy":0.6637167930603027,"_timestamp":1.7525799323797982e+09,"epoch/learning_rate":9.999999747378752e-05,"epoch/epoch":99}