{"epoch/learning_rate":9.999999747378752e-06,"_runtime":51.812794958,"_wandb":{"runtime":51},"confusion_matrix_table":{"ncols":3,"nrows":4,"artifact_path":"wandb-client-artifact://b76r8ms81j4d55c43143asvir5wrqhquzy5wyop08mwsfcnyscwm2t57qeo7ro2kr31v99fxarha8cjlwtmc5253incr8x7iqvhl4nl7fqpt7b743wm3l84vq6k3rwtt/confusion_matrix_table.table.json","_latest_artifact_path":"wandb-client-artifact://95moqcc7gqjyybiahu1ke6b52ynsass0768nkt1k3fq01qim5pveyqw79vpljzr4cg044jnzv3uapnq4egng8uhfjoqx3wduwnnik8cynbi453z9t197smi126o695nw:latest/confusion_matrix_table.table.json","log_mode":"IMMUTABLE","path":"media/table/confusion_matrix_table_100_97937cac08d9cc55123e.table.json","sha256":"97937cac08d9cc55123e6432f9a478e57dea2c5fcb64e56ae7b826a274cd5bd8","_type":"table-file","size":194},"epoch/epoch":99,"_step":100,"epoch/val_loss":0.6403746604919434,"epoch/accuracy":0.6371681690216064,"epoch/val_accuracy":0.6491228342056274,"_timestamp":1.7525693686910174e+09,"epoch/loss":0.6288735866546631}