{"epoch/epoch":99,"_step":100,"_runtime":86.813615921,"epoch/learning_rate":9.999999747378752e-06,"epoch/accuracy":0.6061946749687195,"confusion_matrix_table":{"_type":"table-file","nrows":4,"_latest_artifact_path":"wandb-client-artifact://d8lz3nvglq3n891y0o8273qwi7u2qtmoazefhc6lh3jo9z0ncgwfz5gah3u5lmp1wklceakr0fejgh1i039bl7blls7ipepwumfwpwnjgwahdz83jsgy5ur3y7oe4s49:latest/confusion_matrix_table.table.json","size":194,"path":"media/table/confusion_matrix_table_100_d92bb959f50f40e02bb7.table.json","ncols":3,"log_mode":"IMMUTABLE","artifact_path":"wandb-client-artifact://ga9htwwynsu3jazuww3ck618pv2lov8xpf1si0qdmzcwjowzvxrqkvhdb6em1sfk59qys9ngxsygyhk1vcw8wiu2qt6zb3cbwykjhn05wnwied6iix1pulp1oneo9kcu/confusion_matrix_table.table.json","sha256":"d92bb959f50f40e02bb70b3dc97f8784527da73a194d1f756c70112bc5568a85"},"_timestamp":1.7525775446539667e+09,"epoch/val_accuracy":0.6315789222717285,"_wandb":{"runtime":86},"epoch/val_loss":0.6540489792823792,"epoch/loss":0.6508423089981079}