{"epoch/epoch":99,"_step":100,"epoch/loss":0.6404792070388794,"epoch/val_loss":0.6406237483024597,"_timestamp":1.752569947721556e+09,"confusion_matrix_table":{"nrows":4,"_type":"table-file","sha256":"eac6d9f9ff50027467f270a54058646b9ce5dbed69804e0a775618b9091de7d3","ncols":3,"log_mode":"IMMUTABLE","path":"media/table/confusion_matrix_table_100_eac6d9f9ff50027467f2.table.json","_latest_artifact_path":"wandb-client-artifact://6nfwo7fkykph1gtkust7774k59y5zhqmpz1e9a2icjnt1od9wusn8ryti0ay9erhop2k0wvhhjj6k4pap85fm4cxlq93hxvy1kq1clnbd95m811mftofleph5ym8lmit:latest/confusion_matrix_table.table.json","size":194,"artifact_path":"wandb-client-artifact://14eo3g81g2ap1zyi0up0ehmzee22wwicpmeggx5piizrmmpmhud4nn51ibjj622fzcgqc4u7rbp9cc9r256n6g324ul1kg6p69nepeafootdk5j21qodfanpwfzwvlp3/confusion_matrix_table.table.json"},"_wandb":{"runtime":61},"epoch/learning_rate":9.999999747378752e-06,"epoch/val_accuracy":0.640350878238678,"_runtime":61.722561536,"epoch/accuracy":0.6194690465927124}