{"epoch/learning_rate":9.999999747378752e-06,"_runtime":78.858737807,"epoch/accuracy":0.6393805146217346,"confusion_matrix_table":{"artifact_path":"wandb-client-artifact://uc4020wv3ujvu550rs2a0q9hpzu039bxtzzlpe21243cwclsw6f6e9f2oi25dd1gaffmz3c6ziooo8d2io3g5zhr5sxn2tafc69ia2bt9r9tjxux0paf0ui06aubzsvo/confusion_matrix_table.table.json","size":194,"ncols":3,"path":"media/table/confusion_matrix_table_100_83d88169dc4ebc235f53.table.json","_latest_artifact_path":"wandb-client-artifact://ykfd4t257xe8jmv9wliofhf3mqee4wf4be5ae32hmvr4p8wrzh3p1dl4c4lu4jbobxotcoynvda9vmx6yjquaoky59ky0x0qaqk6gasi5i10qaxomocl57a3r6b8r2dq:latest/confusion_matrix_table.table.json","nrows":4,"sha256":"83d88169dc4ebc235f53d274c31b1de5ab1438bad4554d95ba139b51af13bf07","_type":"table-file","log_mode":"IMMUTABLE"},"epoch/val_accuracy":0.6491228342056274,"epoch/loss":0.6392247080802917,"_timestamp":1.7525709841134288e+09,"_wandb":{"runtime":78},"epoch/val_loss":0.6390548348426819,"epoch/epoch":99,"_step":100}