{"epoch/accuracy":0.6946902871131897,"_wandb":{"runtime":75},"confusion_matrix_table":{"ncols":3,"sha256":"d9794bc033949b75fc572692dae838f50e901135f3e63ad243e9440c283f8b10","_latest_artifact_path":"wandb-client-artifact://an48xrjs15c3y2s6mhf3l5ap33eooyturu38pde6ok443wgcojfaq4ol4ezv5r91hy4w076k9nn8gxdpb7nipoq82uh9xd2emc95x33abrqvnhqesolc90ceh14yijg4:latest/confusion_matrix_table.table.json","log_mode":"IMMUTABLE","size":194,"path":"media/table/confusion_matrix_table_100_d9794bc033949b75fc57.table.json","artifact_path":"wandb-client-artifact://a184kf5cs3xm9nwl6apxatghxfxjfigp9snwulbeadg2ekn25aageqy7tk3w4e9t1ofcc0qrcdkp9kh6o88bide4ql3sfqefzxp2a2vwcvqeafwy5jd9mpdgz1jte6nv/confusion_matrix_table.table.json","_type":"table-file","nrows":4},"epoch/val_loss":0.6002935171127319,"epoch/epoch":99,"_step":100,"epoch/learning_rate":9.999999747378752e-05,"epoch/loss":0.574128270149231,"_runtime":75.924467214,"_timestamp":1.752580307727071e+09,"epoch/val_accuracy":0.7017543911933899}