{"epoch/epoch":99,"epoch/learning_rate":9.999999747378752e-06,"epoch/accuracy":0.5442478060722351,"epoch/val_accuracy":0.5526315569877625,"confusion_matrix_table":{"sha256":"8a857ea54a421a39280407b25729f80d1b6a0e478ddf525be78810f4fb585197","ncols":3,"artifact_path":"wandb-client-artifact://tb6t5fht868mc7sh851nt877a0kntxg90oajaemfb7c55m0y4zuazt7kchm7q96mjvkmsr1umfj467mlfv8taqap7w07xpopn3q1f7gj1mrnd5j8h4mv2s5p3u4epctr/confusion_matrix_table.table.json","path":"media/table/confusion_matrix_table_100_8a857ea54a421a392804.table.json","_latest_artifact_path":"wandb-client-artifact://rszdlg83zvwecvgyo6krr9gr0bsmltdt89xpp9yx5ivl0qlhkyoeqgnaqzt0mfnniitnx8wtf7jjww99hzpyqoivq2j3lg9ghabvmtl5ar44g20180qgpy8ivfugph6g:latest/confusion_matrix_table.table.json","log_mode":"IMMUTABLE","_type":"table-file","size":194,"nrows":4},"_runtime":105.486257981,"epoch/loss":0.6952141523361206,"_timestamp":1.7525786334130986e+09,"_step":100,"_wandb":{"runtime":105},"epoch/val_loss":0.6871501803398132}