{"epoch/epoch":99,"_timestamp":1.751962738604487e+09,"epoch/loss":1.1653001308441162,"epoch/accuracy":0.6902654767036438,"epoch/learning_rate":9.999999747378752e-05,"_runtime":85.369522336,"_step":100,"confusion_matrix_table":{"path":"media/table/confusion_matrix_table_100_148cb880eb4653c42473.table.json","size":194,"ncols":3,"artifact_path":"wandb-client-artifact://mgv0woncnss51hs04a3l517rb4racacedw3ytpo01j3l6mkohcryosillle4v9dh5bmmwkh5z910o56p3ubv5hm6h3av3rgyof61hp3ulkkl7doa7saqmr53ntfi9jyo/confusion_matrix_table.table.json","_type":"table-file","log_mode":"IMMUTABLE","sha256":"148cb880eb4653c42473f7797b1fbbe60576b596cb3368bb541123682f3f4616","_latest_artifact_path":"wandb-client-artifact://gmyzxklx5afq26n5wnm3wrwyp53l1lxufxert64urj1nzakd7qsmdv1kiyrau3apns65bpkzy54iohggwmn25ytw74lbcyl91v4zjnnnbh4we6kkqnbq22mtq7po8c5r:latest/confusion_matrix_table.table.json","nrows":4},"_wandb":{"runtime":85},"epoch/val_loss":0.623482346534729,"epoch/val_accuracy":0.6842105388641357}