{"_runtime":48.021130762,"_step":100,"epoch/loss":0.6446365118026733,"epoch/val_accuracy":0.6929824352264404,"confusion_matrix_table":{"artifact_path":"wandb-client-artifact://u4cbjy20ye7tgsobgfs2pql8sxear9kwen983yfghxxxtw094chlx8zppl05p94ri1fuhh7y0eaigp7vj507imc4zzd2ulaf9yw5ic2kn332lut561qnhuey0i2lpj8d/confusion_matrix_table.table.json","nrows":4,"sha256":"5a5a0933af3b6774f7e39ee52bfd3089fa882d4d189fb0d2d8764781dca7d8d0","_latest_artifact_path":"wandb-client-artifact://1mxegm8qzx7llzz7t7obadd9sgjjz3a3om4xxs6hzuxnmh6ejzkh9djirjso9y93rrlb4p6dp4gjg3giczpibn6054aj8yrkv0rawjn7j47rs564j2i0umlrhmi8f29l:latest/confusion_matrix_table.table.json","log_mode":"IMMUTABLE","ncols":3,"_type":"table-file","path":"media/table/confusion_matrix_table_100_5a5a0933af3b6774f7e3.table.json","size":194},"epoch/val_loss":0.6424028873443604,"epoch/learning_rate":4.999999873689376e-06,"epoch/epoch":99,"_wandb":{"runtime":48},"epoch/accuracy":0.6283186078071594,"_timestamp":1.7524944905698862e+09}