{"epoch/epoch":99,"_timestamp":1.7510140907728179e+09,"_runtime":293.822886037,"_wandb":{"runtime":293},"epoch/accuracy":0.488095223903656,"epoch/val_accuracy":0.5714285969734192,"epoch/val_loss":0.6737141013145447,"_step":100,"confusion_matrix_table":{"ncols":3,"path":"media/table/confusion_matrix_table_100_e598eb7516bdcec882f6.table.json","size":191,"artifact_path":"wandb-client-artifact://rrd49mboghaao8jbs00kk759c6h1acpqkjq0x8ou6vomfslol515pfbvwsw8i6p5fflg150db6bhdbryaygrpb0hxsczrfo1dop66rg0gf1he1jg746xef5psqiljb6d/confusion_matrix_table.table.json","log_mode":"IMMUTABLE","_type":"table-file","nrows":4,"_latest_artifact_path":"wandb-client-artifact://dfles44mt9xob7gdmcrp667rhb1bj58ufmpc0ilb2xdksrwv0ju9dxkp4gk0gc65yxr16owckjqec8lgolbuwubo29gzmxjkak61dhtb1ipc9abkc6koclr9282cmh2o:latest/confusion_matrix_table.table.json","sha256":"e598eb7516bdcec882f65a29812fef1b9cdb823fd350bc64082d1a8a90289bfa"},"epoch/learning_rate":0.0010000000474974513,"epoch/loss":0.6942962408065796}