{"_step":100,"epoch/loss":0.6127308011054993,"epoch/val_accuracy":0.640350878238678,"_wandb":{"runtime":80},"confusion_matrix_table":{"artifact_path":"wandb-client-artifact://avm460uyk3aikqo2o9kqqttenw7u594406w6d02vl253rsnq7szn3yh0khkefcpy77so6nztvkmbyuy4a0ifnzpk18lbbteq33xtukbsbyavj53glgampdq6cjoa0e35/confusion_matrix_table.table.json","_latest_artifact_path":"wandb-client-artifact://g6ahkwp25dxllmct5j2kuwqmhyn15p61pq05s5oab2aque1bimezo325si485alfsj76dtr4vq6gvqeb8xml0wy7vmu83g3942gcfp69v0z8dc7347g5n8krfp4hrg99:latest/confusion_matrix_table.table.json","size":194,"path":"media/table/confusion_matrix_table_100_028ba4d8d839f4b6d7c7.table.json","sha256":"028ba4d8d839f4b6d7c7556f46b480693636e7ac2ce77fbadb7a5bc835534d15","ncols":3,"nrows":4,"log_mode":"IMMUTABLE","_type":"table-file"},"epoch/learning_rate":9.999999747378752e-06,"_timestamp":1.7525769019943862e+09,"_runtime":80.281946777,"epoch/epoch":99,"epoch/accuracy":0.6659291982650757,"epoch/val_loss":0.6364501714706421}