{"_timestamp":1.752584893919115e+09,"_runtime":70.129582947,"epoch/val_loss":0.6082271337509155,"epoch/val_accuracy":0.6929824352264404,"epoch/accuracy":0.7057521939277649,"epoch/loss":0.5651183724403381,"confusion_matrix_table":{"artifact_path":"wandb-client-artifact://v5ez4wv5i0b1lw0nek5jchis8y7rajehbfub67fhh4x83rcj3vhbyzrx7ufc9jvtms2iij5s00rcb1ed79gyma3vv8xqrn0pcuykp3t7ool5kcnyeg87srt4y946wl55/confusion_matrix_table.table.json","ncols":3,"log_mode":"IMMUTABLE","size":194,"sha256":"9aa5c37bb9c4f6764512c24267cadcff2d271dbe7fa3db2442fc3f847bb89bd0","_latest_artifact_path":"wandb-client-artifact://vyfd2enmtdhextpj34kr98ecw02a3gaeck0otbty3190ejtt9qcn3xh3ozg54ax5b0boifr31zbhtujlybandjlqi36uky0u8ktq97i8179q2e95zfqdj9gxy0o2i0fl:latest/confusion_matrix_table.table.json","_type":"table-file","path":"media/table/confusion_matrix_table_100_9aa5c37bb9c4f6764512.table.json","nrows":4},"_step":100,"epoch/learning_rate":9.999999747378752e-06,"_wandb":{"runtime":70},"epoch/epoch":99}