{"epoch/val_accuracy":0.75,"epoch/epoch":99,"epoch/learning_rate":0.0010000000474974513,"epoch/val_loss":0.4092826843261719,"_step":100,"epoch/loss":0.2945607006549835,"_runtime":292.111510172,"_wandb":{"runtime":302},"confusion_matrix_table":{"size":192,"path":"media/table/confusion_matrix_table_100_2c113cd7b95565ae2e7f.table.json","artifact_path":"wandb-client-artifact://yilulkh2zm638q1tg92eb0egonpvpvq8m8kio4kylydzy5kpve5a3cvqnt830ffbz8nmsb002xjpuwn6r3q9y6z0he6ersa4s7udo0amz3pa4a659khu2wzggh33pbff/confusion_matrix_table.table.json","ncols":3,"_latest_artifact_path":"wandb-client-artifact://1r1o1013qa3srrs0i0qzt8c2xdl8odgzhmnpey1xrczwm1fsshepiq4booopar4lq3hx0u6jtnlynzb8z6r7zbcymxhl766kn1rbuwkpfgvlf4f2kmfeue1ikgz4pawg:latest/confusion_matrix_table.table.json","log_mode":"IMMUTABLE","_type":"table-file","nrows":4,"sha256":"2c113cd7b95565ae2e7f3c3766dc616d6466e80222d136a822dbed54c43e346a"},"_timestamp":1.7510183719928234e+09,"epoch/accuracy":0.8611111044883728}