{"epoch/learning_rate":9.999999747378752e-05,"confusion_matrix_table":{"artifact_path":"wandb-client-artifact://gd1nu1ulhcdhpiiq9dhzs6e5hgzu7czrhqlvnd3p70xpcxm8dvp40d5cc237kr5tdk88tyak4tiru1pjk8plyyca97jup5ival5mxzmzsv1aw8vd2t9bsm2pw867lbxo/confusion_matrix_table.table.json","sha256":"7af0f9748bd35d524d4e7ccf3b92e3c9b68a2427ae0d7753e0483fb2bd4f540f","size":194,"log_mode":"IMMUTABLE","path":"media/table/confusion_matrix_table_100_7af0f9748bd35d524d4e.table.json","_latest_artifact_path":"wandb-client-artifact://sbx6hey3b5iyxtx8qqryhlgij9dnniwl7rtgnsr2u0wat7kj6zw6bivx4397szpihy1kx0b329hfb348vn0yrc5ac9ix13rejgpvtrokbl9q0p6r2llhg824pfsvhl2g:latest/confusion_matrix_table.table.json","ncols":3,"_type":"table-file","nrows":4},"_timestamp":1.7525730181217363e+09,"epoch/accuracy":0.6902654767036438,"epoch/epoch":99,"epoch/loss":0.5646129846572876,"_wandb":{"runtime":84},"epoch/val_loss":0.6032634377479553,"epoch/val_accuracy":0.6578947305679321,"_runtime":84.009626596,"_step":100}