{"epoch/accuracy":0.7341269850730896,"epoch/learning_rate":0.0010000000474974513,"confusion_matrix_table":{"ncols":3,"nrows":4,"size":191,"log_mode":"IMMUTABLE","path":"media/table/confusion_matrix_table_20_f504d0d74f134b97105a.table.json","_type":"table-file","sha256":"f504d0d74f134b97105afd34104628f0688283db9d74f25d99f55d1efe515f53","_latest_artifact_path":"wandb-client-artifact://8uj3gez5m3l6hg73n47tokom623jzfkz0ouglw79dmbmsoqkm4v5jh2v9bjs0cugqdd0n5qtm3zm1x6n0wuiibglio2pyy121qg2j1y9orrgl03lrermls604cicuo42:latest/confusion_matrix_table.table.json","artifact_path":"wandb-client-artifact://4l1qls6g641xfer6a6lbqusxzxgow1toybjld7gjdtweya19d7vrovzeov2cp8mpwshgezs8130iuniyw9bk1h852jjio3moejo7au344y449fk2934dunhbu4kh0da2/confusion_matrix_table.table.json"},"epoch/val_accuracy":0.7857142686843872,"_runtime":37.499305658,"epoch/epoch":19,"epoch/loss":0.9923998713493347,"_wandb":{"runtime":37},"_timestamp":1.7512769298515537e+09,"_step":20,"epoch/val_loss":0.49359646439552307}