{"epoch/epoch":99,"epoch/val_loss":0.5292820334434509,"confusion_matrix_table":{"ncols":3,"size":194,"_type":"table-file","log_mode":"IMMUTABLE","artifact_path":"wandb-client-artifact://v8wclvcdr1h3vw8vda4mlhps0no81zhqsz6l2x6qnlflmol7ptkei3r02i5d5kipdos74vvv8hy0p3tfiw6xq15wce3vexzj3qgkfoy20ajdvy62dej24g5d66jycu69/confusion_matrix_table.table.json","path":"media/table/confusion_matrix_table_100_c71bc6bcce7a5283936f.table.json","_latest_artifact_path":"wandb-client-artifact://1ecenn6zgm0fc7nsacj5wk4o913g7ogrhq1642hnyp8xq6ymrowvypyvmj9rq35mjsudh27e6uuy312720dwf83uckost8wq01qt2r56cajdbuldgp9cqrtt2suj93ax:latest/confusion_matrix_table.table.json","nrows":4,"sha256":"c71bc6bcce7a5283936fa5d68cc5f0e621297551d799601e5770a0795fa25df2"},"epoch/loss":0.45203468203544617,"epoch/learning_rate":4.999999873689376e-05,"_timestamp":1.752585520998577e+09,"_step":100,"_runtime":74.183209756,"epoch/accuracy":0.76106196641922,"epoch/val_accuracy":0.7368420958518982,"_wandb":{"runtime":74}}