{"epoch/loss":0.6197590827941895,"epoch/val_loss":0.6537582874298096,"_wandb":{"runtime":80},"epoch/epoch":99,"_timestamp":1.7525708054029534e+09,"confusion_matrix_table":{"size":194,"ncols":3,"path":"media/table/confusion_matrix_table_100_76e8fa77125d0f0eee64.table.json","artifact_path":"wandb-client-artifact://xvqyp6j4pkgrd5u0d68clll1jqpa4ypxv8y47wuu8qdyozjqec7wiclh3r41q1t6rbkfwrloynzsgmq341wgdtqf0u4slb8d3njzv70ftwd59obu6prvnmctqqd2pw8b/confusion_matrix_table.table.json","_type":"table-file","_latest_artifact_path":"wandb-client-artifact://shpcm6ahe4c5wazld79sv3sep08elln328hf419jylqzxtoxj0d0mopmspxeplx6hjrt5s70nym5tcd3rez71vev8u2lmqccvsju5w552tb4jdhvon5iizjccapko32j:latest/confusion_matrix_table.table.json","log_mode":"IMMUTABLE","nrows":4,"sha256":"76e8fa77125d0f0eee64086e322eced03a50723c20a24f8de15f877b6a5620d9"},"_step":100,"epoch/learning_rate":9.999999747378752e-06,"epoch/accuracy":0.6504424810409546,"_runtime":80.503707628,"epoch/val_accuracy":0.6228070259094238}