{"epoch/accuracy":0.5862832069396973,"epoch/loss":0.6666600108146667,"_step":100,"epoch/val_loss":0.6578952670097351,"epoch/epoch":99,"_timestamp":1.7525717291399348e+09,"epoch/val_accuracy":0.6140350699424744,"_runtime":89.19438382,"confusion_matrix_table":{"_latest_artifact_path":"wandb-client-artifact://9kezvsktf49ev2rqfm6ic7npf727l4tpp5gqcc84ijxuuesq2zh285ypo1cui11klh71sxpgg3ig6k9r979eyiloz1phff7rmfgrjdud0gjlftfm0347vsoseij77nnb:latest/confusion_matrix_table.table.json","nrows":4,"_type":"table-file","log_mode":"IMMUTABLE","path":"media/table/confusion_matrix_table_100_08fd1d6fb070aa9f73af.table.json","ncols":3,"size":194,"sha256":"08fd1d6fb070aa9f73af11e718b3e4b839bff7f2c6588e8b11cb792aaf6ec65a","artifact_path":"wandb-client-artifact://wo7m6od67dhzfrxhhpu8oxqwpxw3l2wgxs74d6so3vfyito1tkxx25r5zo50q0x7f166lxv3lio9j8wi5s869nq4x74afsh5b4c2z2ysgst33ezms7b5sf5t20c9ngbk/confusion_matrix_table.table.json"},"epoch/learning_rate":9.999999747378752e-06,"_wandb":{"runtime":89}}