{"epoch/epoch":99,"_runtime":81.104258012,"_timestamp":1.7525774216077821e+09,"epoch/val_loss":0.6425039172172546,"epoch/learning_rate":9.999999747378752e-06,"_step":100,"epoch/loss":0.6560661792755127,"epoch/val_accuracy":0.5789473652839661,"epoch/accuracy":0.5929203629493713,"_wandb":{"runtime":81},"confusion_matrix_table":{"nrows":4,"size":194,"_type":"table-file","_latest_artifact_path":"wandb-client-artifact://xgztqb0tg9es5q2j00llvrod5lu0umbsvpwz2b9eduixt7kggoifieeuuvzcablvuyks6xa9ajzu9h79kru1jo59cq6d3kai49x57wqnsbybhtbkklzhyp3nzaoulg6x:latest/confusion_matrix_table.table.json","sha256":"9d0a0f8739f91aea4dd987b59a9f30b91cd1a1a36530623742f21a11347c902a","path":"media/table/confusion_matrix_table_100_9d0a0f8739f91aea4dd9.table.json","ncols":3,"artifact_path":"wandb-client-artifact://lzvszrakdprco5a26ay8uffw04f0ry7brbx8xt0e8a39hm1j5r36731kf8fmsqk3wwpkp1zqf66f1y29bzdzby4rg6mmp9x3k7lfbz399c581xs4s7o1e4888cg75q6u/confusion_matrix_table.table.json","log_mode":"IMMUTABLE"}}