{"_timestamp":1.751272306686703e+09,"epoch/accuracy":0.523809552192688,"_wandb":{"runtime":36},"epoch/loss":0.6965216994285583,"epoch/epoch":19,"epoch/val_accuracy":0.5714285969734192,"epoch/val_loss":0.6822414994239807,"_runtime":36.388293438,"_step":20,"confusion_matrix_table":{"log_mode":"IMMUTABLE","_latest_artifact_path":"wandb-client-artifact://05yhhe4lvuj07w2kq7foivyso5wut82q7ifxh1md7tmh92iozr4cfrrbh3puwl07h2e9h8ox5jzglovzo097azrjrs2njhkulffqqtqqabketk9o8n9denq3r4h9r1mp:latest/confusion_matrix_table.table.json","ncols":3,"_type":"table-file","size":191,"sha256":"1ff990e8034cecde106fbabdf8706e396d601189673c093c5ffcd7618ad101c5","nrows":4,"artifact_path":"wandb-client-artifact://uv7vpykc4dx3g9gz1h4hbwqd2to9mm0pwlbrmijkh9c18hc6c6zpkfbhjmhdvmqh29z0k69swtp817z9qq8puw5lqfvfr6pcgfbdcm7c5c5ylcfno9mdubsdypmyhouw/confusion_matrix_table.table.json","path":"media/table/confusion_matrix_table_20_1ff990e8034cecde106f.table.json"},"epoch/learning_rate":0.0010000000474974513}