{"epoch/val_loss":0.5679960250854492,"confusion_matrix_table":{"ncols":3,"_latest_artifact_path":"wandb-client-artifact://10actf4b3vnsbdm3pxn5nce2n7d34m5480ir8pfqqmhhf6p7wfil5n9edswg5syxef02fd3yd2r5pscpvt9muy2tkn8zmshotxrri4ufgeuv66py03wapdvpx7f9mcyb:latest/confusion_matrix_table.table.json","path":"media/table/confusion_matrix_table_100_aa6e157f798867d1086e.table.json","artifact_path":"wandb-client-artifact://985fpl5fmbaekek3d27j0kn0n23m3u0ptfs0f5j1xr0hu3yps8dpp35b2n7rz97li5czohbrfxr8eolxmm6o57n9bqk2c7ide4yt2m5lq5im47iuffufhv4foym15t7b/confusion_matrix_table.table.json","log_mode":"IMMUTABLE","nrows":4,"sha256":"aa6e157f798867d1086e250d9315a27976cd240258dddd41fc54b7f725ced992","size":194,"_type":"table-file"},"epoch/epoch":99,"epoch/learning_rate":4.999999873689376e-05,"_wandb":{"runtime":87},"epoch/accuracy":0.7831858396530151,"_timestamp":1.751989638616323e+09,"_step":100,"epoch/val_accuracy":0.7368420958518982,"epoch/loss":0.4527510702610016,"_runtime":87.902097132}