{"epoch/val_loss":0.8546497225761414,"_wandb":{"runtime":292},"epoch/learning_rate":0.0010000000474974513,"epoch/val_accuracy":0.4642857015132904,"epoch/loss":0.6943423748016357,"_timestamp":1.7510161684709523e+09,"_runtime":287.606951069,"epoch/epoch":99,"confusion_matrix_table":{"log_mode":"IMMUTABLE","artifact_path":"wandb-client-artifact://gz3km4fsezdf4bebsz9txtcnxnhndz9kozvdoc9dto95y84qovsynjvs61s6ukj73htvthrvq5cnkfvcctoddnlsyg5xgy04h2ut0gidnmocmo5ulwfk59mr0w03eoyq/confusion_matrix_table.table.json","_latest_artifact_path":"wandb-client-artifact://k8buenbtwnomq8woiohsmc5iwjwukrck3a78bstc9e70bnbvy1djdwexpo2yo8qrb9ro2qmg6ihg4aek4w0ybgg85fu8kqy1c6lx4r4znou5rd02n7t7dxz7httk6f3h:latest/confusion_matrix_table.table.json","ncols":3,"path":"media/table/confusion_matrix_table_100_03ef1a718ae81d6c5e12.table.json","size":192,"_type":"table-file","nrows":4,"sha256":"03ef1a718ae81d6c5e1247a4e9483358f84ca1b65240732d95d48ecb5725da4c"},"_step":100,"epoch/accuracy":0.5079365372657776}