{"epoch/epoch":99,"_timestamp":1.752580866578952e+09,"_runtime":75.098692542,"epoch/val_accuracy":0.640350878238678,"epoch/val_loss":0.6329011917114258,"_step":100,"epoch/loss":0.6677085161209106,"epoch/accuracy":0.5774336457252502,"epoch/learning_rate":4.999999873689376e-05,"confusion_matrix_table":{"artifact_path":"wandb-client-artifact://10whdsn6jqvcdjuagbnaid4lbmdfvy5csnylep6nr6nqv73b5hypyhjbmz3d30tjpapvid28ai4ibkjtfixdzjwy9i90hve39bc7rns8e6rq04e5i51zg6v8rtlzm8yi/confusion_matrix_table.table.json","_latest_artifact_path":"wandb-client-artifact://7ijx2kx29jljd7dv5kh1t3zif65qznpl2eol8l5crzdl58x3fdn52hmwthx3dt6b41gexj7ed3ovjzbzqosnqjug4pf5myxebaxvo8r84zsgui42wqydafv7skr5j2rx:latest/confusion_matrix_table.table.json","log_mode":"IMMUTABLE","nrows":4,"path":"media/table/confusion_matrix_table_100_16948f238181f810d652.table.json","size":194,"_type":"table-file","ncols":3,"sha256":"16948f238181f810d65236dadff7eb7ea3d70b3753f6a99eb14215598f2f77dc"},"_wandb":{"runtime":75}}