{"epoch/val_accuracy":0.6754385828971863,"_wandb":{"runtime":84},"epoch/learning_rate":9.999999747378752e-06,"_runtime":84.176524408,"_timestamp":1.752571388821422e+09,"epoch/val_loss":0.6517242789268494,"epoch/epoch":99,"epoch/loss":0.6586456298828125,"confusion_matrix_table":{"_type":"table-file","sha256":"fe8bfb430747bcb4b06db6a01a7061e07dc6ae399c630cce2c0b7d0979ad6c6a","nrows":4,"log_mode":"IMMUTABLE","artifact_path":"wandb-client-artifact://lnj4gxehortrtcexh9x2qb8cj7ff84wlvaukx3t89ms6b9enuxy0kr831woh56ioxio2m8edqsqmc4bwxbyg8e160hpp13qikn1uilbtdnywhrmn1s3sqtwdwbm2ksqx/confusion_matrix_table.table.json","size":194,"_latest_artifact_path":"wandb-client-artifact://ukjlzgogzahnwq285z5h78wwm9x1c2hicaeilhqzkf23eymysjy1jo316stac0etqp60pawmshs32p2auyqdxglqzzsa0aloys5c1t25ak4u542f8vi3s1412qpioji7:latest/confusion_matrix_table.table.json","path":"media/table/confusion_matrix_table_100_fe8bfb430747bcb4b06d.table.json","ncols":3},"_step":100,"epoch/accuracy":0.5818583965301514}