{"epoch/learning_rate":9.999999747378752e-05,"_runtime":88.546659392,"epoch/val_accuracy":0.7456140518188477,"epoch/loss":0.48284634947776794,"epoch/epoch":99,"_wandb":{"runtime":88},"confusion_matrix_table":{"ncols":3,"artifact_path":"wandb-client-artifact://ogab6v6nflk2phy5yxc9jioghhlsa044dd525vj43416zknnro600s1pcq21hx0hv5ykec6mqua5tt4qu2bpwlwudsbyhdafa2qe0hk500dt44wva65ldh6xk9f11cyt/confusion_matrix_table.table.json","log_mode":"IMMUTABLE","_latest_artifact_path":"wandb-client-artifact://1aiubqnwosn4xscq1a7u897poryshbrqt2jqexk5q3ch1vdchpvvfmwokc34ftnayscxql2rl91p71m8r29gyn9a3tmh1pp1khnzxhvmyo5qp3xrs470435sv9a85km7:latest/confusion_matrix_table.table.json","sha256":"a3953f4c4a0d1125396d36d543a5994035b467e8d3737c92dc78c377d0bb71b7","size":194,"nrows":4,"path":"media/table/confusion_matrix_table_100_a3953f4c4a0d1125396d.table.json","_type":"table-file"},"_timestamp":1.7519895291080267e+09,"_step":100,"epoch/val_loss":0.5487799644470215,"epoch/accuracy":0.75}