{"_wandb":{"runtime":104},"epoch/epoch":99,"_runtime":104.298323721,"epoch/accuracy":0.6991150379180908,"epoch/loss":0.5745415687561035,"epoch/val_accuracy":0.640350878238678,"confusion_matrix_table":{"path":"media/table/confusion_matrix_table_100_028ba4d8d839f4b6d7c7.table.json","_type":"table-file","artifact_path":"wandb-client-artifact://loeaw5zsra3bbt93f1ck9hemc273xlw0wcrbkmvx6m02levrm8polfltx35ffsucgvbplr2l3pq420kq7tplmkwpy27q9ljjem259r38re3lvdcbl2ar9u5i8rj40od5/confusion_matrix_table.table.json","nrows":4,"ncols":3,"size":194,"log_mode":"IMMUTABLE","sha256":"028ba4d8d839f4b6d7c7556f46b480693636e7ac2ce77fbadb7a5bc835534d15","_latest_artifact_path":"wandb-client-artifact://kug00hlvr7y0l99pnt432w1x2tbaki2j13k50bjue5v8f3ahu8ggq46dlwj6zmysyquzj59mvvaa22v74edo9661fhu2946l8oh9j7ob7f8w9967auwroa4qb6n8t8qj:latest/confusion_matrix_table.table.json"},"_timestamp":1.7525727500237157e+09,"epoch/val_loss":0.6258608102798462,"_step":100,"epoch/learning_rate":9.999999747378752e-05}