{"epoch/val_loss":0.5152632594108582,"epoch/val_accuracy":0.7647058963775635,"epoch/learning_rate":0.0010000000474974513,"_timestamp":1.751866906344556e+09,"epoch/accuracy":0.7860261797904968,"epoch/epoch":19,"_step":20,"epoch/loss":0.9554800391197205,"confusion_matrix_table":{"_latest_artifact_path":"wandb-client-artifact://ahtge2y4as0v9joifdhu706b8e0eiswluggrboh5a5mxosat7neprf88bh75169pwcmkz8xqeho8ot6tmma0f3edvyk0igr0q1f3qnqw2iacu1ilrvsw51bsm4yne2a8:latest/confusion_matrix_table.table.json","log_mode":"IMMUTABLE","_type":"table-file","ncols":3,"size":192,"nrows":4,"path":"media/table/confusion_matrix_table_20_bef07a4e6425dad1fa4d.table.json","sha256":"bef07a4e6425dad1fa4d865861971c046e3fa7fb66f54431a5a4760ea029919a","artifact_path":"wandb-client-artifact://aihqwp5pvw4ibi6cfo0zbwttggr8td3v6u1ocfbq04kc4pv5vs74zwweyuk6n1a67vmwwbpbhod0a6qnoo6dd13iuwdow53zekqukdqyvprp9mc1klxs2uvopz0den2q/confusion_matrix_table.table.json"},"_wandb":{"runtime":50},"_runtime":50.127874338}