{"epoch/accuracy":0.5995575189590454,"_runtime":75.233513894,"epoch/val_accuracy":0.6578947305679321,"epoch/epoch":99,"_wandb":{"runtime":75},"_step":100,"epoch/learning_rate":4.999999873689376e-06,"epoch/val_loss":0.6452879905700684,"_timestamp":1.752580518330845e+09,"epoch/loss":0.6543468236923218,"confusion_matrix_table":{"size":194,"_type":"table-file","sha256":"e422b782c150b6d505ca3740ce4b135b612068ca0bbd2e878293d1f3030f7daa","_latest_artifact_path":"wandb-client-artifact://3mdz264x2o4byiwzm3zi1tewep6txkbrwh84wjh1ak57goyhk5ygp1r54ozcgcpgba80wourctloo3m10xtg0avr8p6wwz5qztspq18opiu3ynox7jcrg9y6t4j6inak:latest/confusion_matrix_table.table.json","path":"media/table/confusion_matrix_table_100_e422b782c150b6d505ca.table.json","artifact_path":"wandb-client-artifact://hllbzmk4a56ai097honqmmwh6er47v5dgcbyq90wxmsc1042aj5msq8rlzr25cga81xjmlb5y45d9ydmbkr73tkh76tut46e293yw793rx7j3tdeb1narb4iocse5zo5/confusion_matrix_table.table.json","nrows":4,"ncols":3,"log_mode":"IMMUTABLE"}}