{"confusion_matrix_table":{"_type":"table-file","size":194,"path":"media/table/confusion_matrix_table_100_e085ac0d05f79832af2d.table.json","sha256":"e085ac0d05f79832af2d16e9d4c449d2024da899eae7d644cdd126c0d0a5813e","artifact_path":"wandb-client-artifact://it4fufr9dvv5rn72illwfbbt9i7i9osip0cz3bt5m69h1kniswd8n5cn9s9agkrshprc0nfqkr810t4gkugpa8uulr33bvp7a3wshsbj31trgtq0bcbce2dto9ttn6q4/confusion_matrix_table.table.json","log_mode":"IMMUTABLE","_latest_artifact_path":"wandb-client-artifact://1j3gnqg6rrhjoxrh1rbma74kvpcjb42a8a0590sl8fvjzaievgpdcijpmlx7smz1u3tygo1l1xmq2amwbk8y66503uh4fmct0dp21p4lvfl1k5kgu3mgvq3sxcao43tm:latest/confusion_matrix_table.table.json","ncols":3,"nrows":4},"_step":100,"_timestamp":1.7525850987378016e+09,"epoch/loss":0.5342873334884644,"epoch/epoch":99,"_wandb":{"runtime":70},"epoch/val_accuracy":0.7456140518188477,"epoch/learning_rate":4.999999873689376e-05,"_runtime":70.898138702,"epoch/accuracy":0.7168141603469849,"epoch/val_loss":0.535930871963501}