{"epoch/val_loss":0.7030115723609924,"epoch/epoch":99,"_step":100,"_runtime":296.476343981,"_wandb":{"runtime":306},"epoch/learning_rate":0.0010000000474974513,"confusion_matrix_table":{"artifact_path":"wandb-client-artifact://vokey82epj8bs2vy87wzhxq320kx7zri7enpperj7kxpi3hxnnm9dwdifj9cjjhiktu3nvd3aoksmraytvb3qncqy5g72qiiucl2zggfw79nfkpcwbd9kvohjaz5494h/confusion_matrix_table.table.json","_type":"table-file","path":"media/table/confusion_matrix_table_100_3790f207d9fb264a2a00.table.json","nrows":4,"ncols":3,"size":192,"sha256":"3790f207d9fb264a2a00736fe2437ddd78538f25f256c507e128116b59a853e6","_latest_artifact_path":"wandb-client-artifact://pbwiqvcntij29zls1an7qp4cd04ebtyem0wnhcih17nod0qwilth29f0v7fept6r5pcp92x8w6i34tq73v9knzx4x7z12xl22pnrxgrzwvba2mp3dxgxxwe5k2bi5zy5:latest/confusion_matrix_table.table.json","log_mode":"IMMUTABLE"},"epoch/val_accuracy":0.4642857015132904,"epoch/accuracy":0.5039682388305664,"_timestamp":1.7512672753025694e+09,"epoch/loss":0.6937872767448425}