{"_wandb":{"runtime":87},"epoch/epoch":99,"epoch/learning_rate":4.999999873689376e-06,"_step":100,"epoch/accuracy":0.6128318309783936,"_runtime":87.151639253,"epoch/val_loss":0.6279212832450867,"confusion_matrix_table":{"sha256":"046537214f8194a06088fe9cc68d52dc9b1247f266ffae5773c31fbff308a054","nrows":4,"log_mode":"IMMUTABLE","artifact_path":"wandb-client-artifact://xyj5z7y6dmp28s1vggeu70dx39o9gm5lifkphm7nqpgxqc84ib0ot970eviizguevwpkv0bxbfhbvdam9hnw2wj79olz35hffm31q475b3mvs1ngtrg6c10gnfvyblnh/confusion_matrix_table.table.json","path":"media/table/confusion_matrix_table_100_046537214f8194a06088.table.json","size":194,"_latest_artifact_path":"wandb-client-artifact://8y8o15258zemil91dtvvna9osla7f3pvop2tvb9jtgbugdlwh8viqie8l1xnvqy6pbpjh5m5meqjgcmmu7bw1kpegovy7xs4zptsulnyze1457s4jkigshsgh6sgp18i:latest/confusion_matrix_table.table.json","_type":"table-file","ncols":3},"_timestamp":1.7519893388669863e+09,"epoch/loss":0.6477733850479126,"epoch/val_accuracy":0.640350878238678}