{"epoch/val_accuracy":0.6666666865348816,"_step":100,"epoch/loss":0.6585421562194824,"epoch/accuracy":0.6084070801734924,"epoch/epoch":99,"_runtime":88.931990906,"confusion_matrix_table":{"size":194,"sha256":"3d7725044fbd04e733c1e6341d7ccbc16cdd64a0ce83d2b2f3ca18d9a41744eb","_latest_artifact_path":"wandb-client-artifact://gqb80yze371wvv1camh9nouy5o1vslq5ck8uvxle527i5ilel869rg52g8m4mjj1xun52nnaxngpzpuncikunbjob2gnp9ddpq30p22zsinet356gx8s9tffycexjkle:latest/confusion_matrix_table.table.json","log_mode":"IMMUTABLE","ncols":3,"nrows":4,"_type":"table-file","artifact_path":"wandb-client-artifact://8yxdfh5eoynef1q2w4n8sk7ub51r3dch489tmvgrxcey2gixfg17kr7eky8hj5kwntz1k7zqq9oyezjul77aq3sypxs9x7yjyyz8vm2czuhh2dq6jfc4k5uaevp62mcm/confusion_matrix_table.table.json","path":"media/table/confusion_matrix_table_100_3d7725044fbd04e733c1.table.json"},"epoch/learning_rate":9.999999747378752e-06,"epoch/val_loss":0.6515739560127258,"_wandb":{"runtime":88},"_timestamp":1.752571608338273e+09}