{"epoch/learning_rate":9.999999747378752e-06,"epoch/loss":0.6698416471481323,"_wandb":{"runtime":90},"_step":100,"epoch/val_loss":0.66139155626297,"confusion_matrix_table":{"log_mode":"IMMUTABLE","artifact_path":"wandb-client-artifact://b9kbochauldwc811lqeu90quvgk7ikzp8o41lyo14ca341e5b0x1q3x4dnog8j3dsvwiihiaiz91e02foy3qp8mfyt7p5nlc8s8kp2mm7ekeekof9htar0najsjufbyd/confusion_matrix_table.table.json","path":"media/table/confusion_matrix_table_100_6438de8c7c2c88c442a1.table.json","_latest_artifact_path":"wandb-client-artifact://cxw23vsg6bqxefdf2txdr2dzesj5v7lyp7cjmxfnk510k1q6vttfu6dfq3h0zpwqhzjlhjrj9dvopa6s1sgdflvsf2dymabjn55ueo9d7xi61oew3704o17649gchkbo:latest/confusion_matrix_table.table.json","ncols":3,"size":194,"sha256":"6438de8c7c2c88c442a17e05706024674ceb36908160f234c44e470bc1b8d24d","_type":"table-file","nrows":4},"_runtime":90.881963713,"epoch/accuracy":0.5884955525398254,"epoch/epoch":99,"_timestamp":1.7525719016006033e+09,"epoch/val_accuracy":0.6140350699424744}