{"epoch/val_loss":0.6207138895988464,"confusion_matrix_table":{"_type":"table-file","nrows":4,"sha256":"35d5de2ebfba131b248ea5874907b26a7cccbbf23692670f9be0d2ab78c49d60","_latest_artifact_path":"wandb-client-artifact://pq3ey2wiij5tvlh1yv0fr2zunofmycaztvz4tboo8ersu5f7cawu569pohsm26m2u1xff7sy9v1rw72ya1z6n9r82hgpe9ngb3xkrbpwp86dzpm0iy0z4w7eigvjh027:latest/confusion_matrix_table.table.json","path":"media/table/confusion_matrix_table_20_35d5de2ebfba131b248e.table.json","artifact_path":"wandb-client-artifact://nmgn7caer61s2db8ggjtnnddxgbk6ixvobt1ih8hff6i4m2s8zox0tbraepq4iy06vvngt8gdoxyca3x9qil9f27z9mp38vf7wm59tr77lh5q6zpfyx36y9o4497l8x3/confusion_matrix_table.table.json","log_mode":"IMMUTABLE","size":192,"ncols":3},"epoch/learning_rate":0.0010000000474974513,"epoch/epoch":19,"epoch/accuracy":0.7817460298538208,"_wandb":{"runtime":33},"_timestamp":1.7512774657736235e+09,"epoch/loss":0.9279671311378479,"epoch/val_accuracy":0.6071428656578064,"_runtime":33.587245595,"_step":20}