{"_runtime":72.426639148,"epoch/val_accuracy":0.5877193212509155,"_wandb":{"runtime":72},"epoch/epoch":99,"_timestamp":1.7525797890470922e+09,"epoch/learning_rate":4.999999873689376e-06,"confusion_matrix_table":{"_latest_artifact_path":"wandb-client-artifact://ldwdbvq9e7gyzj9pmpd1eff113bpa56faztv1j60g6180mxw4cxpdlop3lxuhqfy41hg4x77wphuzyqpnw5flab0padoamxrmhravi7xkr621vravh6mtm480f99v59f:latest/confusion_matrix_table.table.json","log_mode":"IMMUTABLE","ncols":3,"size":194,"nrows":4,"_type":"table-file","sha256":"f5fbcbad638e24c9e5155b579856f84b20b93a7b3c2ed478d568e5bce64ab12f","artifact_path":"wandb-client-artifact://m4f7x1g3w0lqwywxgsek26hisrd9d8zsctolhff8fmkpbkb2hdprp34ci18uxad5o6nrt98ybi1ndk9hi7y3e779qxqc1nunyqsfd9i4b3epe1wwaa5zoeo4273y675a/confusion_matrix_table.table.json","path":"media/table/confusion_matrix_table_100_f5fbcbad638e24c9e515.table.json"},"epoch/accuracy":0.5376105904579163,"_step":100,"epoch/loss":0.7014985680580139,"epoch/val_loss":0.6661033630371094}