{"epoch/loss":0.6595444083213806,"_wandb":{"runtime":93},"confusion_matrix_table":{"path":"media/table/confusion_matrix_table_100_76e8fa77125d0f0eee64.table.json","size":194,"log_mode":"IMMUTABLE","artifact_path":"wandb-client-artifact://g0mdww9y2da2znrhdzwof3woybxuiwytb904rexkp4qogoe35suggx3at6gv8ht13qx1yn4vttwfp64dzks4kyynb7rxq5xfm5cv4tuchfamm2452ud5chmnhkrlfss0/confusion_matrix_table.table.json","sha256":"76e8fa77125d0f0eee64086e322eced03a50723c20a24f8de15f877b6a5620d9","_type":"table-file","_latest_artifact_path":"wandb-client-artifact://fhmzoyg8n35x5kadm351nkc9ee48w4kkzupa3398gz1m6x1rcsptejqlkmrxeezfnicg4knwrkb5cc9cquenwuzk3496z3x5oedcsaqllsbwgow5jrk3vubm67eqe5qy:latest/confusion_matrix_table.table.json","ncols":3,"nrows":4},"_step":100,"epoch/accuracy":0.6084070801734924,"epoch/val_accuracy":0.6228070259094238,"epoch/epoch":99,"epoch/learning_rate":9.999999747378752e-06,"_runtime":93.947270692,"_timestamp":1.7525720313703527e+09,"epoch/val_loss":0.6595147848129272}