{"epoch/accuracy":0.5079365372657776,"epoch/loss":0.6938876509666443,"epoch/learning_rate":0.0010000000474974513,"_timestamp":1.7510167683589182e+09,"_wandb":{"runtime":287},"epoch/epoch":99,"_step":100,"confusion_matrix_table":{"_type":"table-file","_latest_artifact_path":"wandb-client-artifact://seyu7ajyvwn502obci29fgzueivk8v0npxrr0q01ax2k95rd8m1t6whysaq9stljw9exmcn3uvqw1kgiapipxvpycax4mxhjtsp9v240llbexb3plp5gnyxpxwqzzjlf:latest/confusion_matrix_table.table.json","size":192,"path":"media/table/confusion_matrix_table_100_2a2d0af338046c2ff148.table.json","artifact_path":"wandb-client-artifact://871tgwv3y4quwtcjmy1acrxlco6qxea9mos0ru1yvv15syumen2xjfbwvb8gjqceha088himyjng39zav5stgt0y5iyxkg55dtoym11k6al0xd0iyg46e42e5pgr1qj7/confusion_matrix_table.table.json","nrows":4,"sha256":"2a2d0af338046c2ff148598910b37f07a17b86edcdf703f94b8947c6fb59ceaa","ncols":3,"log_mode":"IMMUTABLE"},"epoch/val_accuracy":0.5714285969734192,"epoch/val_loss":0.6969400644302368,"_runtime":287.508154512}