{"_step":100,"epoch/val_loss":0.5795612931251526,"confusion_matrix_table":{"sha256":"50926fc87006f550e5a01eb6370d8e3b465bc2766c98e08134dc67c8214e2893","nrows":4,"size":194,"ncols":3,"artifact_path":"wandb-client-artifact://7jdhsv7qkqi6jh1h8hqxve35ap57u5fcotqj0u1i5nlwsqozvjf5id05k2qykcuzhx238xh0l6aimnvxeeihoqmbucqolsw6gpb64fw3s01y35wwagf96vm4iwmd9ipw/confusion_matrix_table.table.json","log_mode":"IMMUTABLE","_latest_artifact_path":"wandb-client-artifact://3mrtecmh7myu5j8cuts4ohopu5iqtqifcultk3d910spygpn19v2gq8utshfam5khg21r8gxqi9nzt1cbcck23egq64h7r3wjr22zrguyggj8v7v06kbew5aesxzjj3t:latest/confusion_matrix_table.table.json","path":"media/table/confusion_matrix_table_100_50926fc87006f550e5a0.table.json","_type":"table-file"},"epoch/epoch":99,"epoch/val_accuracy":0.7017543911933899,"epoch/loss":0.6031971573829651,"_runtime":74.400639046,"_timestamp":1.7525817346057105e+09,"epoch/accuracy":0.6902654767036438,"epoch/learning_rate":9.999999747378752e-05,"_wandb":{"runtime":74}}