{"epoch/learning_rate":9.999999747378752e-05,"epoch/val_accuracy":0.6666666865348816,"epoch/accuracy":0.6615044474601746,"epoch/epoch":99,"epoch/val_loss":0.6202363967895508,"_runtime":91.948272871,"_timestamp":1.751962499490666e+09,"_step":100,"confusion_matrix_table":{"_type":"table-file","artifact_path":"wandb-client-artifact://qyaromwwjhs3uoajvsval1hss1i5rnvcboymw49nszrvq5w5vzmztihhgcz2lxcrcms28kigyd1q5csgyr4bdl4e4xnkbbst9puczokk5b32g6nyqt7bx59ac4kpg1hs/confusion_matrix_table.table.json","size":193,"nrows":4,"path":"media/table/confusion_matrix_table_100_76832b11024441f2e4a5.table.json","_latest_artifact_path":"wandb-client-artifact://rf45c223s92tw4a46xhxjqxvuj4o6mekqe9zhqw4boax4emjsdw0rly1xqi7d9tuzygvp12kfoto5ldx4a9padyiuofgorhd191bh4taoxkzrbe2anc4up1o1h662gig:latest/confusion_matrix_table.table.json","log_mode":"IMMUTABLE","sha256":"76832b11024441f2e4a5f253b4244ba41f10482a982de10c13b4cb7e56b903a8","ncols":3},"epoch/loss":1.2234737873077393,"_wandb":{"runtime":91}}