{"epoch/accuracy":0.6216813921928406,"_step":100,"epoch/val_loss":0.6498034000396729,"_runtime":86.186584442,"epoch/loss":0.657291829586029,"_timestamp":1.7525714961134033e+09,"epoch/epoch":99,"_wandb":{"runtime":86},"epoch/val_accuracy":0.6228070259094238,"epoch/learning_rate":9.999999747378752e-06,"confusion_matrix_table":{"nrows":4,"path":"media/table/confusion_matrix_table_100_1584368e6d10c066b52d.table.json","artifact_path":"wandb-client-artifact://qmm755dq4ts1ldkf2ujumbb8lpmds8i7mvurvpgxqm0sy89vo54ir39zfz7wzubzjyd4ucmzpn0mafkp9ez83qs845we6yzgrrcclmrtbne5a2l186cfy13zu7zmck3e/confusion_matrix_table.table.json","size":194,"_type":"table-file","log_mode":"IMMUTABLE","_latest_artifact_path":"wandb-client-artifact://blayyazq0umrmfs93kgm3m02754nq6ab4uef7okxqqa70xc3fddmdlk8ojfbvujwwoitv0582sly3yc6tck7souqn09vpeqv1m1xymrzxnp1lefymjoj3mfgo6afwcf5:latest/confusion_matrix_table.table.json","sha256":"1584368e6d10c066b52d07d2544899e570ae33b429940874e5c20f32942eff24","ncols":3}}