{"_timestamp":1.7519663559258046e+09,"epoch/loss":1.1638137102127075,"confusion_matrix_table":{"_type":"table-file","size":194,"nrows":4,"ncols":3,"artifact_path":"wandb-client-artifact://fhy500pxa7xh8ho6vkalbijc7rs18l7j398dv05dg1l5okeji385v5i4q5hahzn98v829vmm9tarchd8nhkgtipmiii9eppfe8jyx5aljtvdk1i8od3d6ynvl74e7px0/confusion_matrix_table.table.json","path":"media/table/confusion_matrix_table_100_fe9138b7646343847f43.table.json","_latest_artifact_path":"wandb-client-artifact://vzj2b3vb2gutt835hhu5tetwp4zbru0k0er52kjwoqycuse09e4dn2ido74tvgtfgd934x3bza7bzufctpbufb06daym10hlmbprbn0xx82un1n4wgl55qvbh3808f64:latest/confusion_matrix_table.table.json","sha256":"fe9138b7646343847f4302e17d4af29b40a29859cd3312a1b433cbbd998fda9f","log_mode":"IMMUTABLE"},"_runtime":88.055413803,"epoch/accuracy":0.7035398483276367,"_wandb":{"runtime":88},"epoch/val_loss":0.609204888343811,"_step":100,"epoch/val_accuracy":0.6578947305679321,"epoch/epoch":99,"epoch/learning_rate":9.999999747378752e-05}