{"_wandb":{"runtime":74},"_runtime":74.640169866,"epoch/loss":0.6314982771873474,"epoch/epoch":99,"_step":100,"epoch/accuracy":0.6637167930603027,"confusion_matrix_table":{"sha256":"a066fe109a8c1e322a49911061bb3fa28719bf2d553980021ba2fa5236ca31de","path":"media/table/confusion_matrix_table_100_a066fe109a8c1e322a49.table.json","_latest_artifact_path":"wandb-client-artifact://82qymuminil8k7nb2wteq2pibop4lohvtpebd6p91w6rxzrd91zbgiyn2x85p0s8jaocclvussw8icokj6rjwef48h4vy6ewlx7q9lz99lbu7kvxmv4oghm8z4oyfiuz:latest/confusion_matrix_table.table.json","artifact_path":"wandb-client-artifact://9ldj25b7iq2ztvee1j22jcv0anp4oi0xyba5i41z066rhvsrzft14wuzb28i93xsqdiimebw1sse4ray7bc63bzitci07iqh0roi18xrrf6nxv9uou80xae80d3l4p9s/confusion_matrix_table.table.json","ncols":3,"_type":"table-file","nrows":4,"log_mode":"IMMUTABLE","size":194},"_timestamp":1.7525800842761705e+09,"epoch/val_loss":0.6191993951797485,"epoch/learning_rate":9.999999747378752e-06,"epoch/val_accuracy":0.6842105388641357}