{"confusion_matrix_table":{"_type":"table-file","sha256":"961cd83d4cc26f5befb4c6e4819891f0ce642a0cd670eb68180b3401367bb3a9","path":"media/table/confusion_matrix_table_100_961cd83d4cc26f5befb4.table.json","ncols":3,"artifact_path":"wandb-client-artifact://s9x7mlnxjicuyhr378wksuax510e9gzoqdfc01xm60213drbv5y48yc07nqra3zk9gwi9m5axfhn32ysmvs60cw08ee5sb3w4dh1tj0glgu2cghfxnvcs5ax1wvfwmv9/confusion_matrix_table.table.json","nrows":4,"size":194,"_latest_artifact_path":"wandb-client-artifact://axd6kf3q0ax3cs4kl0l22qwjnpcmhflrh8sjhbcvyvw8kbswlhsis08jcl44cgpww6gohz74lx37msjp9hfkam0zv7lquofj1epf0o0kwsrxvm26lh0y24piq7d369jt:latest/confusion_matrix_table.table.json","log_mode":"IMMUTABLE"},"epoch/val_loss":0.5908378958702087,"epoch/loss":0.5706068277359009,"epoch/val_accuracy":0.7105262875556946,"_step":100,"epoch/accuracy":0.7101770043373108,"epoch/learning_rate":9.999999747378752e-05,"_runtime":58.123906013,"_wandb":{"runtime":58},"epoch/epoch":99,"_timestamp":1.7525735636738157e+09}