{"epoch/epoch":99,"epoch/loss":0.6377493143081665,"epoch/learning_rate":9.999999747378752e-06,"_step":100,"epoch/val_loss":0.5873671174049377,"_wandb":{"runtime":72},"confusion_matrix_table":{"nrows":4,"sha256":"3d7725044fbd04e733c1e6341d7ccbc16cdd64a0ce83d2b2f3ca18d9a41744eb","size":194,"log_mode":"IMMUTABLE","artifact_path":"wandb-client-artifact://hqedk6sov1ql5sxf9lchnxyz1eoskahc90nn43v35f9u3ua3jnn9evvfn5h6fw5kzp47mjn562k5qbl402rxvjuw3z0a8h3ogwmms03t2q10rhmfmcnaoge315fh8dd6/confusion_matrix_table.table.json","_latest_artifact_path":"wandb-client-artifact://svxzuwybo7s3f90bdzbdr0easodhzdyfpwrgd1wrwxox2yvunnbqvpil6k8nsaacv4pn8qk8lenfpy2jnj3ui1v6ximvuiw5dpyvkqu6tedc3fbkvv30q8zmch1li2bj:latest/confusion_matrix_table.table.json","ncols":3,"_type":"table-file","path":"media/table/confusion_matrix_table_100_3d7725044fbd04e733c1.table.json"},"_runtime":72.260155852,"epoch/val_accuracy":0.6666666865348816,"_timestamp":1.7525850180677156e+09,"epoch/accuracy":0.6349557638168335}