{"epoch/val_loss":0.659622848033905,"_wandb":{"runtime":106},"_timestamp":1.7525784643617241e+09,"epoch/val_accuracy":0.6052631735801697,"epoch/loss":0.638909101486206,"_runtime":106.192424658,"confusion_matrix_table":{"_latest_artifact_path":"wandb-client-artifact://pfmp2798katma66rblmzzms736wdnvq0mpyql7kaogvs7s21if2jcpdl75eh84vhxyt0689zctnuwaj5b8cujmu7mf4dy60olgjew8jeh5131dg2k03zi91tartiyi80:latest/confusion_matrix_table.table.json","ncols":3,"size":194,"log_mode":"IMMUTABLE","_type":"table-file","artifact_path":"wandb-client-artifact://ow5gd3lfgeu69ddxex9mbybguv2hhyloqk656ug2b6xt8glynclxtk9u0v1mcsz14ik5etmzwi9yf0xl8l2fa8ksnatbvd9mvw1lqcf30ci1jh5aqska6thhk7gi6z7i/confusion_matrix_table.table.json","path":"media/table/confusion_matrix_table_100_9c984af774579acf7758.table.json","sha256":"9c984af774579acf775845cb019268e917a1ce488d46a5830e6c23aac66620d8","nrows":4},"epoch/learning_rate":9.999999747378752e-05,"epoch/accuracy":0.6283186078071594,"epoch/epoch":99,"_step":100}