{"epoch/epoch":19,"epoch/val_loss":9.647687911987305,"_runtime":73.990247953,"epoch/accuracy":0.9841269850730896,"_timestamp":1.7512737517081387e+09,"epoch/loss":0.05685753747820854,"confusion_matrix_table":{"log_mode":"IMMUTABLE","ncols":3,"sha256":"dec22e00d2d4bad859c6956bb92259c9b47dd51388399d5a2f6ca777f2ae0c69","_latest_artifact_path":"wandb-client-artifact://mwpkctjvm1if6lwualasc1qs6g2iq19r7moi2hfencjmgssyvdhnhzncnhmdt846lx1iq1adx7dcugr6nn86785xfgx57b621v3g880klw7vw4ssj6yiuqyzgvrbihqq:latest/confusion_matrix_table.table.json","path":"media/table/confusion_matrix_table_20_dec22e00d2d4bad859c6.table.json","size":191,"artifact_path":"wandb-client-artifact://9g4dsjb2yez1e3z97hq1q73i9ka6vn5rh5fmwgskarigrernm6qgl00w0k7084sm6tmrowjpc2jfkvleaoo8x8k08xcj06jjrbcntb48xnj5bv4zev971ncfylluenx4/confusion_matrix_table.table.json","nrows":4,"_type":"table-file"},"epoch/val_accuracy":0.6071428656578064,"epoch/learning_rate":0.0010000000474974513,"_wandb":{"runtime":73},"_step":20}