{"_wandb":{"runtime":50},"epoch/loss":0.6306350827217102,"_runtime":50.619517203,"epoch/epoch":99,"epoch/val_loss":0.6421132683753967,"epoch/learning_rate":4.999999873689376e-06,"confusion_matrix_table":{"nrows":4,"path":"media/table/confusion_matrix_table_100_fe9138b7646343847f43.table.json","log_mode":"IMMUTABLE","ncols":3,"_latest_artifact_path":"wandb-client-artifact://uxmic1tgyinodwjxfuj8ej5bmzg18yoeadpfgng4mhu4q3dg4dldimptmv79wn25hvddmlfvc04ql57htbok8hgymqouct09da8ji0f032sbn1y4arf0fe67tkg93akn:latest/confusion_matrix_table.table.json","sha256":"fe9138b7646343847f4302e17d4af29b40a29859cd3312a1b433cbbd998fda9f","_type":"table-file","size":194,"artifact_path":"wandb-client-artifact://iicpq3wnfn25bk7edlocbobf68gjxo61k0o5hsnkj0a8rjc9geot58hy4p4uy7peaq38uesdvkj4ggxa8vu5he3j70o6mw248aog0sdsq2t78wzw9z3xh8adtzoqa896/confusion_matrix_table.table.json"},"epoch/accuracy":0.6526548862457275,"_timestamp":1.7525765865265367e+09,"_step":100,"epoch/val_accuracy":0.6315789222717285}