{"epoch/val_loss":0.6375036835670471,"epoch/loss":1.1697602272033691,"epoch/learning_rate":9.999999747378752e-06,"_step":100,"epoch/accuracy":0.6880530714988708,"confusion_matrix_table":{"ncols":3,"_latest_artifact_path":"wandb-client-artifact://ut9773ubd8vokl7f0cjg3t0ezpszoc521avzmdgs1cn9refvv2ia68pmj4j3hs0j4ab1gjeu0o03dr8l3rs1z0vgyrp6izpoxukdbzvnsx5t89wytm66lm68ohia6b57:latest/confusion_matrix_table.table.json","log_mode":"IMMUTABLE","sha256":"a0303150f5e954b25a1c47f6e9d23b94743844041d7bfa58cd9d37a75e69d829","artifact_path":"wandb-client-artifact://2elqioh0bj888e7cjibgdjtg0i4s56hor3wpj5s9s3qsn085h5rar3wh1f28ism73val4188394vzr9apzzmj0ptznm4fmd1evf6j551bjvo8peg27zwp0oda0huf3mm/confusion_matrix_table.table.json","path":"media/table/confusion_matrix_table_100_a0303150f5e954b25a1c.table.json","size":194,"_type":"table-file","nrows":4},"_runtime":83.944868776,"epoch/epoch":99,"epoch/val_accuracy":0.6578947305679321,"_wandb":{"runtime":83},"_timestamp":1.7519618078295734e+09}