{"epoch/accuracy":0.5353982448577881,"epoch/val_accuracy":0.4912280738353729,"_step":100,"_timestamp":1.7525781571579587e+09,"epoch/loss":0.69399094581604,"epoch/val_loss":0.6868228316307068,"_wandb":{"runtime":110},"confusion_matrix_table":{"artifact_path":"wandb-client-artifact://0jg2q3uoo7n7jaml2jxm84tmjv5r198qkcvux7on6apk5thrsb90vurkx6u0f7gyo9l4f8fhiigf9yuug7h1pykvlg9g2w0qq5f0ztqoy8x8w9j58a8bobv2b1d5fgxo/confusion_matrix_table.table.json","size":194,"path":"media/table/confusion_matrix_table_100_3c78b726f606ddcc0693.table.json","nrows":4,"_latest_artifact_path":"wandb-client-artifact://pc2lsr1kn4f5x3t48i653tcis23uou05yprjy0hjz3i3ra7t7pg6i4tuboamxd6dv268nrpsfaxh02w6ei0ito0nxlw2cmjepyr8hqvr97fxy01m3zg06p90oubl3g8i:latest/confusion_matrix_table.table.json","log_mode":"IMMUTABLE","sha256":"3c78b726f606ddcc0693b05679911de61aa7b926136bd2ff20a7c8e6499b0b9d","ncols":3,"_type":"table-file"},"epoch/epoch":99,"epoch/learning_rate":9.999999747378752e-06,"_runtime":110.689566169}