{"_step":100,"_runtime":80.577970387,"epoch/accuracy":0.7013274431228638,"confusion_matrix_table":{"size":194,"ncols":3,"artifact_path":"wandb-client-artifact://im37s5elngkuk10801qsjus1cnt6kbni0m0jmf0pl1i4smmyyqp61tm0c9848cdw7wcu9m23icv4gqssnb5rl9hairf5y5k9b4pbgmc2js8c4utds6qehy22x7u8pdbb/confusion_matrix_table.table.json","path":"media/table/confusion_matrix_table_100_d8fbb8ac7bc02ecc6179.table.json","sha256":"d8fbb8ac7bc02ecc61791410127213229c23079c625dd0bbca88e57bc42a33bb","log_mode":"IMMUTABLE","_latest_artifact_path":"wandb-client-artifact://ka3qh5o605o1i45mhyw9fc2fzhno68lst8f6nutfuiuk8t9rj0w4pb0mo9v9kut8sw9n1pbha0bi4pt807xzmwd5noe508b2nw4uvh2xscc8on90vgb82x5ztb7vm5a6:latest/confusion_matrix_table.table.json","nrows":4,"_type":"table-file"},"_timestamp":1.7525807688183677e+09,"epoch/val_accuracy":0.7105262875556946,"epoch/val_loss":0.6041257977485657,"epoch/loss":0.5606334209442139,"_wandb":{"runtime":80},"epoch/epoch":99,"epoch/learning_rate":4.999999873689376e-05}