{"_wandb":{"runtime":72},"epoch/accuracy":0.8119469285011292,"epoch/val_loss":0.5956154465675354,"epoch/learning_rate":9.999999747378752e-05,"epoch/loss":0.39057236909866333,"epoch/val_accuracy":0.7631579041481018,"epoch/epoch":99,"_runtime":72.925609529,"_step":100,"_timestamp":1.7525864192472034e+09,"confusion_matrix_table":{"path":"media/table/confusion_matrix_table_100_1460e0f9c8c62bf23b1a.table.json","size":193,"log_mode":"IMMUTABLE","artifact_path":"wandb-client-artifact://i2y72ph9xu5lgerefzx74hb4mqg2ptqky3al6gmagomi93ec5zbvoij9rqutuzp9wigmn87qtmo4jj39zdvd4uha24lvnoceh6530yqbybqketxojqcyltw1h8gc9g25/confusion_matrix_table.table.json","_latest_artifact_path":"wandb-client-artifact://wi7pqb3addujhdjhuhtr6r8x0p80k2rhbmn6d6yxx7bdcj2kgxukw2wo5go9pintizqcm02kms3jjn90ody43qkew8jt25sv7i6pdjcl5u1n6zq6ceymc3ecc6u7p7um:latest/confusion_matrix_table.table.json","sha256":"1460e0f9c8c62bf23b1a7e94872e28d88803447522d164ab06091ae966763daa","ncols":3,"_type":"table-file","nrows":4}}