{"epoch/val_loss":0.6835103631019592,"_runtime":288.953902569,"_step":100,"epoch/val_accuracy":0.5714285969734192,"epoch/learning_rate":0.0010000000474974513,"epoch/epoch":99,"epoch/accuracy":0.4801587164402008,"epoch/loss":0.6955562829971313,"_timestamp":1.7510191874028127e+09,"_wandb":{"runtime":293},"confusion_matrix_table":{"_type":"table-file","nrows":4,"size":191,"_latest_artifact_path":"wandb-client-artifact://98rv5jmjtdkljsf6zo2sfpwx0hcq8ptfeexz7030tjzdzanbucjp004b2zsnu33f6iz8art9gw3icxefhgfqb010n6eb1ga7v59vwfirp98dzxl5hjfatvziz6fgk9yy:latest/confusion_matrix_table.table.json","artifact_path":"wandb-client-artifact://vgmmwx8lbgtvhq87084k9m491cwec0tybc8tmqf5bwjvaipj9ip15gqh3hmxuk69acy9kmy34u3aepzfob0a2ab66toct7z7iquimom6gvue0vlunl6gesq9t4qvgioy/confusion_matrix_table.table.json","ncols":3,"path":"media/table/confusion_matrix_table_100_97f11ab0c21668b08a50.table.json","log_mode":"IMMUTABLE","sha256":"97f11ab0c21668b08a5073af78c52bc159ba235726b1dcf5dfc27a1904368e49"}}