{"epoch/loss":0.7059962749481201,"epoch/learning_rate":9.999999747378752e-06,"_step":100,"epoch/val_loss":0.7209741473197937,"confusion_matrix_table":{"path":"media/table/confusion_matrix_table_100_c4d197775e7746edb66a.table.json","log_mode":"IMMUTABLE","_type":"table-file","ncols":3,"artifact_path":"wandb-client-artifact://shlpgr33a0ho7oe7up6lunehjvepvkso91g173lr7utug44dof0jhtcc89oxcyhatzow11iik2zsytirpl6sapest06pn0b5w3h33bj71rcyd1k4hhkql0p8pf617q3n/confusion_matrix_table.table.json","sha256":"c4d197775e7746edb66a7964a8b386283ce29bdfa725a3caadf35f28cd155392","nrows":4,"size":192,"_latest_artifact_path":"wandb-client-artifact://a5k2xubr9atns6kxh9s3axw71texefzf9ibos5lad9xc48qjj76edysy7pfdodau83ogsb9ov903mk1cxqe93fwut6cpgzq8ccz0bq74hcwlpqq2tpr93llcn2s3j98r:latest/confusion_matrix_table.table.json"},"epoch/epoch":99,"_runtime":72.743194144,"_wandb":{"runtime":72},"epoch/val_accuracy":0.4649122953414917,"_timestamp":1.7525794220861855e+09,"epoch/accuracy":0.5486725568771362}