{"epoch/learning_rate":9.999999747378752e-05,"epoch/loss":0.4248563349246979,"epoch/accuracy":0.7986725568771362,"_runtime":70.015652513,"_wandb":{"runtime":70},"epoch/epoch":99,"epoch/val_accuracy":0.7719298005104065,"confusion_matrix_table":{"artifact_path":"wandb-client-artifact://4zxha3wo9fpl46pu46xz37phdq4l5aik0vslqg5i52j9ksrpvvsqdied1f0ygo96lnh9xi0zfigdjs53cv5ftekk3mzzolqxycshhvoyxojppok14rqsd5xhf8lpjt2z/confusion_matrix_table.table.json","_type":"table-file","log_mode":"IMMUTABLE","sha256":"fb6420c1d06baddb08d9c91984c8303d2bbacf7fd2fbb50144725bd7269292ff","nrows":4,"size":194,"ncols":3,"_latest_artifact_path":"wandb-client-artifact://225og2couad4uvi9ihlkguxd7we2u141jfv9ff4zn8jdivtvsmp2xv0bm8xgsaex2q7prfzicd7j39k9xots1lla7srh6fg8j7jieqhyz1366xctjug0491pkz0baymp:latest/confusion_matrix_table.table.json","path":"media/table/confusion_matrix_table_100_fb6420c1d06baddb08d9.table.json"},"_step":100,"epoch/val_loss":0.4846952259540558,"_timestamp":1.752584682844953e+09}