{"epoch/learning_rate":9.999999747378752e-05,"epoch/val_loss":0.616003155708313,"_runtime":71.546255556,"epoch/accuracy":0.6393805146217346,"epoch/epoch":99,"confusion_matrix_table":{"path":"media/table/confusion_matrix_table_100_8e08bced14bdc9fee4d1.table.json","_latest_artifact_path":"wandb-client-artifact://gdortba4r6ci89dglt699z84bmdh9orwdifqr4bvlrgz1pkqium0wp43insh8k7az6iqei87vupqsfddg3say3a8akp2amhqjyxa0zo7ev7r7s37uf6g4bojgy8z5g3r:latest/confusion_matrix_table.table.json","nrows":4,"_type":"table-file","size":194,"sha256":"8e08bced14bdc9fee4d17e28b73c5f9df6b08e1b56a77ddb4974fa5a9d2cd3bf","ncols":3,"log_mode":"IMMUTABLE","artifact_path":"wandb-client-artifact://mazdk6o1gj7sl8glqgyj8k2gxxxsuax00j092z69iclsw89oqwv40fo999d694mtgfppdu4dqxa80lw3l4fj2419ud908nuqkb2sx92di8u0i0iqm1qnl9g3qmawsuoq/confusion_matrix_table.table.json"},"_wandb":{"runtime":71},"_timestamp":1.752579592805268e+09,"epoch/loss":0.6321305632591248,"_step":100,"epoch/val_accuracy":0.6842105388641357}