{"epoch/epoch":99,"epoch/val_loss":0.6291586756706238,"epoch/learning_rate":9.999999747378752e-06,"_wandb":{"runtime":59},"_timestamp":1.7525698598165555e+09,"epoch/val_accuracy":0.640350878238678,"_step":100,"epoch/accuracy":0.6415929198265076,"confusion_matrix_table":{"size":194,"nrows":4,"log_mode":"IMMUTABLE","path":"media/table/confusion_matrix_table_100_eac6d9f9ff50027467f2.table.json","_latest_artifact_path":"wandb-client-artifact://1vnvb4x8set763o4pdencpgel5p9j4j1s756otbp2a9vw4dgg180j8wejg9zbp9onvhzkba3r7zqr4iau6ymsw3f213pw9pesqggaj927h5ydduq53xwrc6uhcmro10j:latest/confusion_matrix_table.table.json","artifact_path":"wandb-client-artifact://zb0uacx2kbar0wn4zkkhbk6p0tuu9eje07scbes4aj7f0y508k3uw6237emu9w5nmg4qmkugv5w6apb9uie7advh2zp1erdckl34q2im4j3a8jd8w14d4fqtctarajw3/confusion_matrix_table.table.json","_type":"table-file","ncols":3,"sha256":"eac6d9f9ff50027467f270a54058646b9ce5dbed69804e0a775618b9091de7d3"},"_runtime":59.443148105,"epoch/loss":0.6439441442489624}