{"_timestamp":1.7525789351352484e+09,"_step":100,"confusion_matrix_table":{"_latest_artifact_path":"wandb-client-artifact://mladesbniaqskt2737odpvwmq6jvlnllylkhma22eluac3k7xwb02o4yqq474gejy38u5glhmdr6npg742uj9ult9gd2nwa4fk4q2xk38ew43d4bji92xva2jzqyqa2f:latest/confusion_matrix_table.table.json","_type":"table-file","path":"media/table/confusion_matrix_table_100_968ba9eee4097138379e.table.json","artifact_path":"wandb-client-artifact://npmaqnfwxdsjz4lbd0vh3p5fpkos66dv10nhyn8tginshfssozor4nu7qfwf16rj0zthzxdrwzzmv5g818ypi3xyxtn89tqwhxhfxix0q5vmta3qys50x22j4o3hlo7w/confusion_matrix_table.table.json","size":192,"ncols":3,"sha256":"968ba9eee4097138379e8184a9b01e83fc3b515b8f430daa2fc7540af0125526","nrows":4,"log_mode":"IMMUTABLE"},"_wandb":{"runtime":102},"epoch/epoch":99,"epoch/accuracy":0.5,"epoch/val_loss":0.7133221626281738,"_runtime":102.606262309,"epoch/loss":0.7115610837936401,"epoch/val_accuracy":0.4649122953414917,"epoch/learning_rate":4.999999873689376e-06}