{"epoch/val_loss":0.5772884488105774,"_runtime":86.481274008,"epoch/val_accuracy":0.7105262875556946,"epoch/loss":1.0033657550811768,"_step":100,"confusion_matrix_table":{"artifact_path":"wandb-client-artifact://59crlvaninwp0y069hvef97h0yzfl3l9zrkikcyupwbgpehbyp85lwko0vl4l9qdclglq1crkj3c5kgr2lvqsw73awwxhnihr5p9am0gh6w4rbc8sft23c40i3n01ytc/confusion_matrix_table.table.json","nrows":4,"sha256":"75c428c7d448301123f01056861a61cc789b3eecbc476ba9986c2eab49316f09","log_mode":"IMMUTABLE","size":194,"_type":"table-file","path":"media/table/confusion_matrix_table_100_75c428c7d448301123f0.table.json","ncols":3,"_latest_artifact_path":"wandb-client-artifact://2osxn6jlgkgcw9obk5gs2fkvxzp0mfzqpj1mwupubhr2s22e1cui55kui8vhtf6d0mu3ckwpw9f1o3apaxgyv87xolqtpqu39lso9swkf643lrzpbihgpuw6r68vwlfw:latest/confusion_matrix_table.table.json"},"_wandb":{"runtime":86},"epoch/accuracy":0.7367256879806519,"epoch/learning_rate":4.999999873689376e-05,"_timestamp":1.7519619552009027e+09,"epoch/epoch":99}