{"_wandb":{"runtime":60},"epoch/learning_rate":9.999999747378752e-06,"epoch/accuracy":0.6415929198265076,"epoch/val_loss":0.6445281505584717,"_runtime":60.392066612,"_timestamp":1.752570041674885e+09,"confusion_matrix_table":{"log_mode":"IMMUTABLE","sha256":"f77258b4d602524d5ab5fae5952a64af52e529ef4d49209f9ba397f60a73674a","path":"media/table/confusion_matrix_table_100_f77258b4d602524d5ab5.table.json","artifact_path":"wandb-client-artifact://c0kgaibp88uzgr8spxedq3vz5zuyubmh3lz6dcxdsw8tdote7zsz661wf1p7cu7svuvvmvb6akxea1aml4kppli3zpvm4lq827yb0u7xj93z5e51q3wsdgg0h696cvyq/confusion_matrix_table.table.json","_latest_artifact_path":"wandb-client-artifact://s1gui5vzohc2u0dkksewnwbwxti2rzpkuz6ocm4glxrxxhe9eg2ax34ccc6dndrrqmlfmmtesqsyr7ppl9s65jz2qkac9x1gsjm39ypncdzfukbb3rjam2szf78e4jko:latest/confusion_matrix_table.table.json","size":194,"_type":"table-file","nrows":4,"ncols":3},"_step":100,"epoch/loss":0.6420619487762451,"epoch/epoch":99,"epoch/val_accuracy":0.6578947305679321}