{"epoch/learning_rate":9.999999747378752e-05,"epoch/val_accuracy":0.6842105388641357,"_timestamp":1.7519661825255558e+09,"epoch/val_loss":0.6274129748344421,"_step":100,"confusion_matrix_table":{"size":194,"sha256":"16948f238181f810d65236dadff7eb7ea3d70b3753f6a99eb14215598f2f77dc","log_mode":"IMMUTABLE","artifact_path":"wandb-client-artifact://vu9gha0hngafwruxc6s04u6lj33lhsobnsllhxdqc05ixk9f35jiogri40e25dswvcoizn38yn7d3tbylobvjf6ugm339sfoh5z2bz2vngnp79u1k8b03d13460orcmr/confusion_matrix_table.table.json","path":"media/table/confusion_matrix_table_100_16948f238181f810d652.table.json","nrows":4,"ncols":3,"_latest_artifact_path":"wandb-client-artifact://qxawbvw2efs5wzpodmecsrpnq3hhje421liv65hk56jz33vo9q0ok8rxj95u8q2x40i82kctgceui53fxq9g3j0g55ksms2bl7ihzr3f46qrhvbwwhg44gkt7t1a579t:latest/confusion_matrix_table.table.json","_type":"table-file"},"_wandb":{"runtime":87},"epoch/loss":1.1989035606384277,"_runtime":87.200954373,"epoch/epoch":99,"epoch/accuracy":0.6526548862457275}