{"_wandb":{"runtime":91},"_timestamp":1.752493182317649e+09,"_runtime":91.424692827,"epoch/accuracy":0.5331858396530151,"epoch/learning_rate":4.999999873689376e-06,"_step":100,"epoch/loss":0.7051845788955688,"epoch/val_loss":0.6781590580940247,"epoch/val_accuracy":0.5701754093170166,"epoch/epoch":99,"confusion_matrix_table":{"path":"media/table/confusion_matrix_table_100_7c03cb22b75665009763.table.json","log_mode":"IMMUTABLE","size":194,"ncols":3,"sha256":"7c03cb22b7566500976358cd83fea2ebc09ab8cc1a32820d34c859b5e5c13659","artifact_path":"wandb-client-artifact://ul2mubgcoxd7ft7tl8ngwdso68rmuffdukb0e1qo5rybbiug2qqbj7oxbtc1kv8morv5d7d9ulgva1w599j019mqh8seekzg5d6t0iur051rxe4xwrrk7rvb51eslcpx/confusion_matrix_table.table.json","_type":"table-file","_latest_artifact_path":"wandb-client-artifact://xm9hwgyzelk9kgpcy2ejpuucagruxz5z2pzxya9isno922ox0y4l5ie1dy38uqfwbfiie2eblbmpuplktii5fei9ygmp4i3ksi3sroctabvvhxsj3qfwwcxwbwj4ukvy:latest/confusion_matrix_table.table.json","nrows":4}}