{"epoch/accuracy":0.6637167930603027,"epoch/loss":0.618307888507843,"epoch/val_loss":0.630987823009491,"epoch/epoch":99,"epoch/val_accuracy":0.6228070259094238,"confusion_matrix_table":{"log_mode":"IMMUTABLE","sha256":"6ef89867bc1e92769cdeda55f3018392dfb37598447080bcd6822e0a288288d1","size":194,"_type":"table-file","path":"media/table/confusion_matrix_table_100_6ef89867bc1e92769cde.table.json","ncols":3,"artifact_path":"wandb-client-artifact://pgmljivlqdx2tye6plar0xx89i5199ew1ta0agl4gpnr5zzckblogxjx63plj5o6ie1r4zpgo4r8hrxvd5hw0838oc4yt0wdwdurnpg6mub9udmxesxwmiwhu2zdwnn6/confusion_matrix_table.table.json","nrows":4,"_latest_artifact_path":"wandb-client-artifact://pvxbrhi1qdp35rm6gbqdxvosnc3iveg38nd54145k4hop6nb1l2boirspcfhcj8yoys94cfb25icoz47og6mr3o40accvt6z90d9rejxdfhgs7jg3ab4hk69xi0hl9vo:latest/confusion_matrix_table.table.json"},"_wandb":{"runtime":56},"epoch/learning_rate":9.999999747378752e-06,"_runtime":56.766232429,"_timestamp":1.7525696500657923e+09,"_step":100}