{"_step":100,"epoch/accuracy":0.6150442361831665,"_wandb":{"runtime":62},"epoch/val_accuracy":0.6929824352264404,"epoch/learning_rate":9.999999747378752e-06,"confusion_matrix_table":{"log_mode":"IMMUTABLE","_type":"table-file","ncols":3,"nrows":4,"_latest_artifact_path":"wandb-client-artifact://1x4cijv4wa3md8z4ckje6oawqgh0fuouhjk5vdv6bo6yee9x3rb80yc0xp6sr44yifqujih9o8u5xxi2s7p1zret2kbvjn4sazmc21zsjonurd5swmvmnwmodtgxb7ph:latest/confusion_matrix_table.table.json","artifact_path":"wandb-client-artifact://m534injbn7d5ju9iblt1gl99ch6asosq1co9rixam3mye8zocehu1c9kicgb1djxfic0x1rp5ab3h85qoywzqkfo0k07ith92br6aswz9m4iigysdyl9wz305hsf3vup/confusion_matrix_table.table.json","path":"media/table/confusion_matrix_table_100_b570d8e321762c9bba71.table.json","sha256":"b570d8e321762c9bba71e317df9fc15cf7720a024781e0a6572bf46f25e036f1","size":194},"epoch/epoch":99,"_timestamp":1.7525702212924287e+09,"epoch/loss":0.6515869498252869,"_runtime":62.535968083,"epoch/val_loss":0.6291168332099915}