{"epoch/val_loss":0.6366336345672607,"_timestamp":1.7525703062587142e+09,"_runtime":63.667750264,"epoch/accuracy":0.6482300758361816,"confusion_matrix_table":{"ncols":3,"nrows":4,"_type":"table-file","size":194,"artifact_path":"wandb-client-artifact://74n13sne968ak2ripyh72mx6nsxuuvk5sn28mliap1v0rzpb0wxabrvxaqh8tbzqortb5xzm2xqes0fxggfk1iocuetdv00v8egnilhzu59cvz6fersazq8nn2vqcnvw/confusion_matrix_table.table.json","log_mode":"IMMUTABLE","_latest_artifact_path":"wandb-client-artifact://o9u36dmovx8dn06ihdzodkwvdzk5t3v235vxhbx9swh00yk2qd71ltww8o2m7cejg5n1hlw9t4f1fsuxtvc4780ph26mqeyxlgjwwcqfjru46qsmreptujxp3xucz6yo:latest/confusion_matrix_table.table.json","path":"media/table/confusion_matrix_table_100_81145cad23d36b664b22.table.json","sha256":"81145cad23d36b664b22d4eb980a56f2ba3757438539ab4b4d39aab73e8bc613"},"epoch/loss":0.6360751390457153,"epoch/val_accuracy":0.6666666865348816,"epoch/learning_rate":9.999999747378752e-06,"_step":100,"_wandb":{"runtime":63},"epoch/epoch":99}