{"epoch/learning_rate":4.999999873689376e-05,"epoch/accuracy":0.6725663542747498,"_timestamp":1.75258095932436e+09,"epoch/val_loss":0.6217009425163269,"epoch/val_accuracy":0.6140350699424744,"epoch/epoch":99,"_runtime":73.764397717,"epoch/loss":0.6220003366470337,"_wandb":{"runtime":73},"_step":100,"confusion_matrix_table":{"_latest_artifact_path":"wandb-client-artifact://q4tyfik7xgewupl1mcud6riwf65es1ebugsd248c9xcaf99dgjxg56gu4gq7zju1ix4l1mden3fvtz6bywhkrtuncfdyj0s3w6ti502gf8zii3xiow34b4m8jdl15vni:latest/confusion_matrix_table.table.json","path":"media/table/confusion_matrix_table_100_547dcb705c8b64fb4578.table.json","size":194,"_type":"table-file","sha256":"547dcb705c8b64fb4578fa41133a127050abf80bc4d5d2d805be709aee138770","artifact_path":"wandb-client-artifact://9mzr35g0jd4386ygeplf9row6kbgxyetbiupmqp5bthkqwuff14wvu1m8aox17d7z9uadgm6qeoo5v8ec7a900cr9ft3vhfln9yd5bsdfd6lrlf01g4ax7oz7x5h1cwn/confusion_matrix_table.table.json","nrows":4,"log_mode":"IMMUTABLE","ncols":3}}