{"_wandb":{"runtime":73},"_step":100,"epoch/accuracy":0.6106194853782654,"epoch/loss":0.6788584589958191,"epoch/epoch":99,"_runtime":73.010752173,"epoch/val_loss":0.6319006681442261,"confusion_matrix_table":{"_type":"table-file","ncols":3,"_latest_artifact_path":"wandb-client-artifact://brgi11ddpc12ectszvrkpc6tg7rzff6uvh0o2rdpq39e13m0hrrl7ho7jhrqbd75lrkocgxles2sw1w2q46ilo1y2ee3ipietjopfycrufgrpj14lzo06wbjz6kp7a8q:latest/confusion_matrix_table.table.json","artifact_path":"wandb-client-artifact://h20gy3ftuyur7m6lqn80w6po02hwwwzm5lp8ht4y73mlr1bicznoocnekuhh3cl25twczybcyjvdk8upqewr3wrcr9ji49hq1nm4p4ka6nggirjeq77y9p4xqnvh05li/confusion_matrix_table.table.json","sha256":"e1fb5e9c560c73b8bfd83b2b253d5ed84433528ebc11c70fe821446121b1758d","path":"media/table/confusion_matrix_table_100_e1fb5e9c560c73b8bfd8.table.json","nrows":4,"log_mode":"IMMUTABLE","size":194},"_timestamp":1.7525860280813818e+09,"epoch/val_accuracy":0.6842105388641357,"epoch/learning_rate":4.999999873689376e-05}