{"epoch/accuracy":0.6128318309783936,"_wandb":{"runtime":49},"_timestamp":1.7524950294515116e+09,"epoch/val_loss":0.6466436982154846,"_step":100,"confusion_matrix_table":{"_latest_artifact_path":"wandb-client-artifact://zdxw0c55w9ly7f63z54wi5t37kcvhg3101eeuw4n8uig16tcpku6nxmfbq2p6d5wafle39knaxpx5wsf41n48gn6o04pnaaz1b32axnha1gcn7ybwtkfmgippsnwx5j2:latest/confusion_matrix_table.table.json","path":"media/table/confusion_matrix_table_100_318e9c61af3807a18a79.table.json","sha256":"318e9c61af3807a18a79120722d51780ed0107158358c7d61f0dd44754370382","artifact_path":"wandb-client-artifact://48gigmov9sifrtbo0bbybjh2dvtwbh2v9llbm95bhjk9axtoxcauwhi37z6qhp9mtu2qzq65sl95u76gf20tm0fab9sgroxnaydq1u5th4gqsqulvenqn2hnlrwq478h/confusion_matrix_table.table.json","size":194,"_type":"table-file","ncols":3,"nrows":4,"log_mode":"IMMUTABLE"},"epoch/learning_rate":4.999999873689376e-06,"epoch/loss":0.6564968228340149,"epoch/epoch":99,"_runtime":49.771452669,"epoch/val_accuracy":0.640350878238678}