{"_step":100,"epoch/val_accuracy":0.719298243522644,"epoch/accuracy":0.6659291982650757,"_runtime":90.816077041,"epoch/val_loss":0.5810484886169434,"epoch/learning_rate":9.999999747378752e-05,"_timestamp":1.7519631297779603e+09,"epoch/epoch":99,"_wandb":{"runtime":90},"epoch/loss":1.1316157579421997,"confusion_matrix_table":{"ncols":3,"size":193,"artifact_path":"wandb-client-artifact://8lbxnq2e0i1hu4fo7t1kn1t461cx58smttv3ooml7nziqjwf4kjknmyldquxfnhppe7knx36idarcopwo4ggptlm7fu5m93fvkd729qr7u0qs45gkjs5vx8azgci5qd2/confusion_matrix_table.table.json","_type":"table-file","sha256":"449fde1406fb025712c89b5e287f5c76079ae4c996489fd722359935ef661828","log_mode":"IMMUTABLE","nrows":4,"path":"media/table/confusion_matrix_table_100_449fde1406fb025712c8.table.json","_latest_artifact_path":"wandb-client-artifact://1zbc5pabxtocq0mzznfi2wnz964hvpaf2k26lwgd6iuuv6o4edaiki2z1a7j88q4igfwnsx4jchui9pi2kbld7w1yl8u9837eh114t2ogdzlo58n4l4kafw1d095za5i:latest/confusion_matrix_table.table.json"}}