{"epoch/accuracy":0.7765486836433411,"confusion_matrix_table":{"log_mode":"IMMUTABLE","_type":"table-file","artifact_path":"wandb-client-artifact://559dotuizxo9zxqznb9dc44lebnje3buozhv37p0ktnlle7880814ez418z74frm2yn8rhebvfsgrvqhb9ri25sqajyjcsy9ckg9wd63sx8k902nnnbyow93anp5dlpd/confusion_matrix_table.table.json","path":"media/table/confusion_matrix_table_100_15c30402f24aa73dc557.table.json","nrows":4,"sha256":"15c30402f24aa73dc5578aa94169bdb502bc150a82209722ced20201a5f72d0f","_latest_artifact_path":"wandb-client-artifact://68p53ar4ta0kwvyi79dpkjbfbmojysyiymzsifv3kqeallyb1r79i3gmqqued2e2e6ueq1vcdfwa521ek24bs5pvu04jtrvbucuoc8uyj301t2r2ja8iiufdrg5tn8l0:latest/confusion_matrix_table.table.json","ncols":3,"size":194},"epoch/val_accuracy":0.7280701994895935,"_step":100,"_wandb":{"runtime":72},"epoch/val_loss":0.5638205409049988,"_timestamp":1.7525728801467361e+09,"epoch/loss":0.4862746596336365,"epoch/epoch":99,"_runtime":72.501590916,"epoch/learning_rate":9.999999747378752e-05}