{"epoch/loss":0.6564370393753052,"epoch/epoch":99,"epoch/learning_rate":4.999999873689376e-06,"_runtime":56.574220735,"epoch/val_accuracy":0.640350878238678,"_timestamp":1.7525763609770188e+09,"_wandb":{"runtime":56},"_step":100,"epoch/accuracy":0.6194690465927124,"confusion_matrix_table":{"_type":"table-file","size":194,"_latest_artifact_path":"wandb-client-artifact://yd6wlfqmrlrxdbprb6fyjfgdhrboiwb96a1jd9lj9f1105fevbqf0dijbg7un3nh1l4zamcertbwai1b1d2dogba67n8t6ijwcrzppixsco10tq3oovgncwo4x54jtth:latest/confusion_matrix_table.table.json","path":"media/table/confusion_matrix_table_100_4e13d75ab13c19751b9b.table.json","sha256":"4e13d75ab13c19751b9b71cb4b6bd1d21fed6d4117d53cf614a96bf7b728a90c","artifact_path":"wandb-client-artifact://ns4c0yz8qcqk8tmsgjexvh3cwqacado4baxjf4ef6u7nvlo6eus39ur3326kfuox7pokxfvb51b4k4yph796suy42dpkpj0bz0q2unz9nts95nnwqwzy447s871z8zm0/confusion_matrix_table.table.json","nrows":4,"log_mode":"IMMUTABLE","ncols":3},"epoch/val_loss":0.6557402610778809}