{"epoch/epoch":99,"epoch/val_loss":0.5808749198913574,"epoch/accuracy":0.7964601516723633,"confusion_matrix_table":{"_latest_artifact_path":"wandb-client-artifact://svqjqlxmnhewi4nn0s79gt8mhwg1k4qk7bxc8uopcaxxza5b6t2tuhm3f9josih8dk3n7csthyftl5unerng5seesq1tmerfg9131uoi6ni58hnfje4h9cb7b81ia0v2:latest/confusion_matrix_table.table.json","artifact_path":"wandb-client-artifact://60jitavjw79nrviaqvo940r9ocbyxgld1ys6ar6wqcvlkscxh8l395x523ayihvqp0ph2m576813z64a0m64ifztvjthbp50eotaolwljw6gkfrh0tgu1jhu1m7ur6la/confusion_matrix_table.table.json","ncols":3,"log_mode":"IMMUTABLE","nrows":4,"_type":"table-file","path":"media/table/confusion_matrix_table_100_5854cba14884bb17e3ad.table.json","sha256":"5854cba14884bb17e3ad70e567a74fa88a163972ce3b33b2c3c4e981bf1dc6b5","size":194},"epoch/learning_rate":9.999999747378752e-05,"_runtime":93.637699319,"_step":100,"_wandb":{"runtime":93},"epoch/val_accuracy":0.719298243522644,"_timestamp":1.7519659767590394e+09,"epoch/loss":0.8908282518386841}