{"epoch/val_loss":0.5816364884376526,"_runtime":50.690285282,"_timestamp":1.7519613672404068e+09,"epoch/accuracy":0.7986725568771362,"epoch/val_accuracy":0.7456140518188477,"epoch/loss":0.8302459716796875,"confusion_matrix_table":{"ncols":3,"sha256":"91156a43c5184421f7687db0cbe21fad32e15d63ed8397e079cbf358b9b2b17b","artifact_path":"wandb-client-artifact://020oswsqeuuv6svdqrw7ul1wpnbzhghgrwnbwiz0fw8p52l3cl3k11xnfs6oditfiahr2bgxtggdp70phdpje48piw8g0motcqdytvady4m0j15kcunfa6nhvwexkgjg/confusion_matrix_table.table.json","_latest_artifact_path":"wandb-client-artifact://s7nyyf3eb7fb2i5l8eo664nm8cgfv8rvisbvb6e4xzug8w3upxun85yfqafydsugktes4ddnagj66k0odlr4jvybnki2j71ypqynm3xjdezfdfekbutuir3jg4iapk9l:latest/confusion_matrix_table.table.json","path":"media/table/confusion_matrix_table_100_91156a43c5184421f768.table.json","_type":"table-file","log_mode":"IMMUTABLE","size":194,"nrows":4},"epoch/learning_rate":9.999999747378752e-05,"_wandb":{"runtime":50},"_step":100,"epoch/epoch":99}