{"epoch/accuracy":0.7544247508049011,"epoch/learning_rate":9.999999747378752e-05,"epoch/val_accuracy":0.7105262875556946,"confusion_matrix_table":{"ncols":3,"artifact_path":"wandb-client-artifact://56s3umfzwhxm0irrtdhxdezvlb9q8fywnbeb4pkivgxty16lwz5nvrh7m4iipx28we1fau10iq8gl4msg9poqq7wpdvcofpju7xoxhkwrzp54ax3sdfj0ljnkww6o512/confusion_matrix_table.table.json","_latest_artifact_path":"wandb-client-artifact://mp7ukft94h5xz212kz5dhx6x68rvwp0fz1e42ii08j4narqqqg5sq07qcnzcdfe6iq7qbtd7gbw3rq7kie63tq0php9koz5fqtub6q0xx56ll53p5qql0tv2s3cci1fj:latest/confusion_matrix_table.table.json","log_mode":"IMMUTABLE","sha256":"819be8caae31ded9b02f241b5fc9891eb7981c628f66b5a3ec5203d1d241663d","path":"media/table/confusion_matrix_table_100_819be8caae31ded9b02f.table.json","nrows":4,"size":194,"_type":"table-file"},"epoch/epoch":99,"_runtime":49.626717334,"epoch/val_loss":0.5812047123908997,"_timestamp":1.7525733911676178e+09,"_wandb":{"runtime":49},"epoch/loss":0.4729953110218048,"_step":100}